character,UID,movie
STEVE ROGERS,3544e24c-73b8-11ed-ba7b-84fdd1f90de3,Ant-Man
NATASHA ROMANOFF,3544e48e-73b8-11ed-ba7b-84fdd1f90de3,Ant-Man
SCOTT LANG,3544e7ea-73b8-11ed-ba7b-84fdd1f90de3,Ant-Man
SAM WILSON,3544ec52-73b8-11ed-ba7b-84fdd1f90de3,Ant-Man
HANK PYM,3544eec0-73b8-11ed-ba7b-84fdd1f90de3,Ant-Man
PEGGY CARTER,3544f627-73b8-11ed-ba7b-84fdd1f90de3,Ant-Man
HOPE VAN DYNE,3544f750-73b8-11ed-ba7b-84fdd1f90de3,Ant-Man
LUIS,3544f8b2-73b8-11ed-ba7b-84fdd1f90de3,Ant-Man
HOWARD STARK,354503cc-73b8-11ed-ba7b-84fdd1f90de3,Ant-Man
DARREN CROSS,354509a3-73b8-11ed-ba7b-84fdd1f90de3,Ant-Man
"JAMES ""JIM"" PAXTON",35450cbd-73b8-11ed-ba7b-84fdd1f90de3,Ant-Man
DAVE,354515d8-73b8-11ed-ba7b-84fdd1f90de3,Ant-Man
KURT,354519a0-73b8-11ed-ba7b-84fdd1f90de3,Ant-Man
CASSIE LANG,35451a35-73b8-11ed-ba7b-84fdd1f90de3,Ant-Man
MAGGIE LANG,35453368-73b8-11ed-ba7b-84fdd1f90de3,Ant-Man
DALE,35454fc2-73b8-11ed-ba7b-84fdd1f90de3,Ant-Man
MITCHELL CARSON,354556ab-73b8-11ed-ba7b-84fdd1f90de3,Ant-Man
COMPUTER,3545ac20-73b8-11ed-ba7b-84fdd1f90de3,Ant-Man
FRANK,3545c831-73b8-11ed-ba7b-84fdd1f90de3,Ant-Man
GALE,3545da36-73b8-11ed-ba7b-84fdd1f90de3,Ant-Man
ICE CREAM STORE CUSTOMER,3545ea7a-73b8-11ed-ba7b-84fdd1f90de3,Ant-Man
DETECTIVE,3545f039-73b8-11ed-ba7b-84fdd1f90de3,Ant-Man
PEACHY,3545f672-73b8-11ed-ba7b-84fdd1f90de3,Ant-Man
ALPHA GUARD,3545fc6f-73b8-11ed-ba7b-84fdd1f90de3,Ant-Man
HIDEOUS RABBIT,354636d9-73b8-11ed-ba7b-84fdd1f90de3,Ant-Man
PYM TECH SECURITY GUARD,3546389a-73b8-11ed-ba7b-84fdd1f90de3,Ant-Man
VIDEO VOICE OVER,35464d18-73b8-11ed-ba7b-84fdd1f90de3,Ant-Man
POLICE RADIO,35467873-73b8-11ed-ba7b-84fdd1f90de3,Ant-Man
COP ON SPEAKER,35467db4-73b8-11ed-ba7b-84fdd1f90de3,Ant-Man
PYM TECH EMPLOYEE,3546ba1f-73b8-11ed-ba7b-84fdd1f90de3,Ant-Man
CAB DRIVER,3546befa-73b8-11ed-ba7b-84fdd1f90de3,Ant-Man
POOL BBQ DAD,3546db11-73b8-11ed-ba7b-84fdd1f90de3,Ant-Man
PYM TECH GATE GUARD,3546dc13-73b8-11ed-ba7b-84fdd1f90de3,Ant-Man
TONY STARK,3544d4dc-73b8-11ed-ba7b-84fdd1f90de3,Avengers: Age of Ultron
STEVE ROGERS,3544e24c-73b8-11ed-ba7b-84fdd1f90de3,Avengers: Age of Ultron
THOR,3544e332-73b8-11ed-ba7b-84fdd1f90de3,Avengers: Age of Ultron
NATASHA ROMANOFF,3544e48e-73b8-11ed-ba7b-84fdd1f90de3,Avengers: Age of Ultron
BRUCE BANNER,3544e5dd-73b8-11ed-ba7b-84fdd1f90de3,Avengers: Age of Ultron
NICK FURY,3544e689-73b8-11ed-ba7b-84fdd1f90de3,Avengers: Age of Ultron
JAMES RHODES,3544e880-73b8-11ed-ba7b-84fdd1f90de3,Avengers: Age of Ultron
CLINT BARTON,3544eb8e-73b8-11ed-ba7b-84fdd1f90de3,Avengers: Age of Ultron
SAM WILSON,3544ec52-73b8-11ed-ba7b-84fdd1f90de3,Avengers: Age of Ultron
JARVIS,3544effd-73b8-11ed-ba7b-84fdd1f90de3,Avengers: Age of Ultron
ERIK SELVIG,3544f126-73b8-11ed-ba7b-84fdd1f90de3,Avengers: Age of Ultron
THANOS,3544f2e6-73b8-11ed-ba7b-84fdd1f90de3,Avengers: Age of Ultron
WANDA MAXIMOFF,3544f457-73b8-11ed-ba7b-84fdd1f90de3,Avengers: Age of Ultron
PEGGY CARTER,3544f627-73b8-11ed-ba7b-84fdd1f90de3,Avengers: Age of Ultron
ULTRON,3544fa53-73b8-11ed-ba7b-84fdd1f90de3,Avengers: Age of Ultron
MARIA HILL,3544fafe-73b8-11ed-ba7b-84fdd1f90de3,Avengers: Age of Ultron
VISION,3544fcbf-73b8-11ed-ba7b-84fdd1f90de3,Avengers: Age of Ultron
HEIMDALL,35450ad0-73b8-11ed-ba7b-84fdd1f90de3,Avengers: Age of Ultron
FRIDAY,354510de-73b8-11ed-ba7b-84fdd1f90de3,Avengers: Age of Ultron
ULYSSES KLAUE,3545118e-73b8-11ed-ba7b-84fdd1f90de3,Avengers: Age of Ultron
PIETRO MAXIMOFF,35451c00-73b8-11ed-ba7b-84fdd1f90de3,Avengers: Age of Ultron
LAURA BARTON,354528db-73b8-11ed-ba7b-84fdd1f90de3,Avengers: Age of Ultron
DR. HELEN CHO,35452ade-73b8-11ed-ba7b-84fdd1f90de3,Avengers: Age of Ultron
BARON WOLFGANG VON STRUCKER,35452de8-73b8-11ed-ba7b-84fdd1f90de3,Avengers: Age of Ultron
STAN LEE,354537a7-73b8-11ed-ba7b-84fdd1f90de3,Avengers: Age of Ultron
DR. LIST,35455deb-73b8-11ed-ba7b-84fdd1f90de3,Avengers: Age of Ultron
ANNOUNCER,3545b1b5-73b8-11ed-ba7b-84fdd1f90de3,Avengers: Age of Ultron
LILA BARTON,3545bea4-73b8-11ed-ba7b-84fdd1f90de3,Avengers: Age of Ultron
IRON LEGION,3545c501-73b8-11ed-ba7b-84fdd1f90de3,Avengers: Age of Ultron
MADAME B,3545cf48-73b8-11ed-ba7b-84fdd1f90de3,Avengers: Age of Ultron
FORTRESS SOLDIER,3545d7af-73b8-11ed-ba7b-84fdd1f90de3,Avengers: Age of Ultron
SPECIALIST CAMERON KLEIN,3545e9e3-73b8-11ed-ba7b-84fdd1f90de3,Avengers: Age of Ultron
PARTY GUEST,35462452-73b8-11ed-ba7b-84fdd1f90de3,Avengers: Age of Ultron
SOLDIERS,354639ff-73b8-11ed-ba7b-84fdd1f90de3,Avengers: Age of Ultron
KLAUE'S MERCENARY,35464467-73b8-11ed-ba7b-84fdd1f90de3,Avengers: Age of Ultron
ZRINKA,354697fb-73b8-11ed-ba7b-84fdd1f90de3,Avengers: Age of Ultron
WORLD HUB TECH,3546a6aa-73b8-11ed-ba7b-84fdd1f90de3,Avengers: Age of Ultron
BALLET INSTRUCTOR,3546e481-73b8-11ed-ba7b-84fdd1f90de3,Avengers: Age of Ultron
TONY STARK,3544d4dc-73b8-11ed-ba7b-84fdd1f90de3,Avengers: Endgame
STEVE ROGERS,3544e24c-73b8-11ed-ba7b-84fdd1f90de3,Avengers: Endgame
THOR,3544e332-73b8-11ed-ba7b-84fdd1f90de3,Avengers: Endgame
PETER PARKER,3544e3d8-73b8-11ed-ba7b-84fdd1f90de3,Avengers: Endgame
NATASHA ROMANOFF,3544e48e-73b8-11ed-ba7b-84fdd1f90de3,Avengers: Endgame
PEPPER POTTS,3544e544-73b8-11ed-ba7b-84fdd1f90de3,Avengers: Endgame
BRUCE BANNER,3544e5dd-73b8-11ed-ba7b-84fdd1f90de3,Avengers: Endgame
LOKI,3544e74e-73b8-11ed-ba7b-84fdd1f90de3,Avengers: Endgame
SCOTT LANG,3544e7ea-73b8-11ed-ba7b-84fdd1f90de3,Avengers: Endgame
JAMES RHODES,3544e880-73b8-11ed-ba7b-84fdd1f90de3,Avengers: Endgame
PETER QUILL,3544e922-73b8-11ed-ba7b-84fdd1f90de3,Avengers: Endgame
CAROL DANVERS,3544e9b8-73b8-11ed-ba7b-84fdd1f90de3,Avengers: Endgame
JANE FOSTER,3544ea4d-73b8-11ed-ba7b-84fdd1f90de3,Avengers: Endgame
ROCKET,3544eaf0-73b8-11ed-ba7b-84fdd1f90de3,Avengers: Endgame
CLINT BARTON,3544eb8e-73b8-11ed-ba7b-84fdd1f90de3,Avengers: Endgame
SAM WILSON,3544ec52-73b8-11ed-ba7b-84fdd1f90de3,Avengers: Endgame
GAMORA,3544ece9-73b8-11ed-ba7b-84fdd1f90de3,Avengers: Endgame
T'CHALLA,3544ed7f-73b8-11ed-ba7b-84fdd1f90de3,Avengers: Endgame
HAPPY HOGAN,3544ee2b-73b8-11ed-ba7b-84fdd1f90de3,Avengers: Endgame
HANK PYM,3544eec0-73b8-11ed-ba7b-84fdd1f90de3,Avengers: Endgame
BUCKY BARNES,3544f252-73b8-11ed-ba7b-84fdd1f90de3,Avengers: Endgame
THANOS,3544f2e6-73b8-11ed-ba7b-84fdd1f90de3,Avengers: Endgame
DRAX,3544f37b-73b8-11ed-ba7b-84fdd1f90de3,Avengers: Endgame
WANDA MAXIMOFF,3544f457-73b8-11ed-ba7b-84fdd1f90de3,Avengers: Endgame
PEGGY CARTER,3544f627-73b8-11ed-ba7b-84fdd1f90de3,Avengers: Endgame
HOPE VAN DYNE,3544f750-73b8-11ed-ba7b-84fdd1f90de3,Avengers: Endgame
VALKYRIE,3544f7ed-73b8-11ed-ba7b-84fdd1f90de3,Avengers: Endgame
NEBULA,3544fb96-73b8-11ed-ba7b-84fdd1f90de3,Avengers: Endgame
STEPHEN STRANGE,3544fc2b-73b8-11ed-ba7b-84fdd1f90de3,Avengers: Endgame
FRIGGA,35450045-73b8-11ed-ba7b-84fdd1f90de3,Avengers: Endgame
OKOYE,354500da-73b8-11ed-ba7b-84fdd1f90de3,Avengers: Endgame
MANTIS,3545020e-73b8-11ed-ba7b-84fdd1f90de3,Avengers: Endgame
HOWARD STARK,354503cc-73b8-11ed-ba7b-84fdd1f90de3,Avengers: Endgame
ALEXANDER PIERCE,35450511-73b8-11ed-ba7b-84fdd1f90de3,Avengers: Endgame
RED SKULL,35450904-73b8-11ed-ba7b-84fdd1f90de3,Avengers: Endgame
BROCK RUMLOW,35450d56-73b8-11ed-ba7b-84fdd1f90de3,Avengers: Endgame
FRIDAY,354510de-73b8-11ed-ba7b-84fdd1f90de3,Avengers: Endgame
KORG,35451871-73b8-11ed-ba7b-84fdd1f90de3,Avengers: Endgame
CASSIE LANG,35451a35-73b8-11ed-ba7b-84fdd1f90de3,Avengers: Endgame
GROOT,35451d38-73b8-11ed-ba7b-84fdd1f90de3,Avengers: Endgame
EBONY MAW,35451de5-73b8-11ed-ba7b-84fdd1f90de3,Avengers: Endgame
BAD NEBULA,354523ce-73b8-11ed-ba7b-84fdd1f90de3,Avengers: Endgame
LAURA BARTON,354528db-73b8-11ed-ba7b-84fdd1f90de3,Avengers: Endgame
ANCIENT ONE,35452d51-73b8-11ed-ba7b-84fdd1f90de3,Avengers: Endgame
STAN LEE,354537a7-73b8-11ed-ba7b-84fdd1f90de3,Avengers: Endgame
MORGAN STARK,354538df-73b8-11ed-ba7b-84fdd1f90de3,Avengers: Endgame
WONG,35454df6-73b8-11ed-ba7b-84fdd1f90de3,Avengers: Endgame
JAPSER SITWELL,35455058-73b8-11ed-ba7b-84fdd1f90de3,Avengers: Endgame
A1 STEVE,35455f38-73b8-11ed-ba7b-84fdd1f90de3,Avengers: Endgame
A1 THOR,3545b76b-73b8-11ed-ba7b-84fdd1f90de3,Avengers: Endgame
SECURITY,3545ba84-73b8-11ed-ba7b-84fdd1f90de3,Avengers: Endgame
LILA BARTON,3545bea4-73b8-11ed-ba7b-84fdd1f90de3,Avengers: Endgame
GRIEVING MAN,3545c3c2-73b8-11ed-ba7b-84fdd1f90de3,Avengers: Endgame
M.P.,3545d113-73b8-11ed-ba7b-84fdd1f90de3,Avengers: Endgame
CORVUS GLAIVE,3545d37c-73b8-11ed-ba7b-84fdd1f90de3,Avengers: Endgame
FEMALE SHIELD AGENT,3545d5db-73b8-11ed-ba7b-84fdd1f90de3,Avengers: Endgame
MALE AGENT,3545d8dc-73b8-11ed-ba7b-84fdd1f90de3,Avengers: Endgame
A1 TONY,3545e12d-73b8-11ed-ba7b-84fdd1f90de3,Avengers: Endgame
AKIHIKO,354605f3-73b8-11ed-ba7b-84fdd1f90de3,Avengers: Endgame
RONIN,35460877-73b8-11ed-ba7b-84fdd1f90de3,Avengers: Endgame
EDWIN JARVIS,35460d9b-73b8-11ed-ba7b-84fdd1f90de3,Avengers: Endgame
A1 NATASHA,3546359d-73b8-11ed-ba7b-84fdd1f90de3,Avengers: Endgame
A1 HULK,35463dcb-73b8-11ed-ba7b-84fdd1f90de3,Avengers: Endgame
MAIDEN,35464174-73b8-11ed-ba7b-84fdd1f90de3,Avengers: Endgame
LOKI/STEVE,35465711-73b8-11ed-ba7b-84fdd1f90de3,Avengers: Endgame
A1 CLINT BARTON,3546671a-73b8-11ed-ba7b-84fdd1f90de3,Avengers: Endgame
AVENGERS JIMMY,35468514-73b8-11ed-ba7b-84fdd1f90de3,Avengers: Endgame
AVENGERS KID,354689bd-73b8-11ed-ba7b-84fdd1f90de3,Avengers: Endgame
OLDER MAN,3546c574-73b8-11ed-ba7b-84fdd1f90de3,Avengers: Endgame
MUFFLED VOICE,3546e8db-73b8-11ed-ba7b-84fdd1f90de3,Avengers: Endgame
TONY STARK,3544d4dc-73b8-11ed-ba7b-84fdd1f90de3,Avengers: Infinity War
STEVE ROGERS,3544e24c-73b8-11ed-ba7b-84fdd1f90de3,Avengers: Infinity War
THOR,3544e332-73b8-11ed-ba7b-84fdd1f90de3,Avengers: Infinity War
PETER PARKER,3544e3d8-73b8-11ed-ba7b-84fdd1f90de3,Avengers: Infinity War
NATASHA ROMANOFF,3544e48e-73b8-11ed-ba7b-84fdd1f90de3,Avengers: Infinity War
PEPPER POTTS,3544e544-73b8-11ed-ba7b-84fdd1f90de3,Avengers: Infinity War
BRUCE BANNER,3544e5dd-73b8-11ed-ba7b-84fdd1f90de3,Avengers: Infinity War
NICK FURY,3544e689-73b8-11ed-ba7b-84fdd1f90de3,Avengers: Infinity War
LOKI,3544e74e-73b8-11ed-ba7b-84fdd1f90de3,Avengers: Infinity War
JAMES RHODES,3544e880-73b8-11ed-ba7b-84fdd1f90de3,Avengers: Infinity War
PETER QUILL,3544e922-73b8-11ed-ba7b-84fdd1f90de3,Avengers: Infinity War
ROCKET,3544eaf0-73b8-11ed-ba7b-84fdd1f90de3,Avengers: Infinity War
SAM WILSON,3544ec52-73b8-11ed-ba7b-84fdd1f90de3,Avengers: Infinity War
GAMORA,3544ece9-73b8-11ed-ba7b-84fdd1f90de3,Avengers: Infinity War
T'CHALLA,3544ed7f-73b8-11ed-ba7b-84fdd1f90de3,Avengers: Infinity War
NED LEEDS,3544f092-73b8-11ed-ba7b-84fdd1f90de3,Avengers: Infinity War
BUCKY BARNES,3544f252-73b8-11ed-ba7b-84fdd1f90de3,Avengers: Infinity War
THANOS,3544f2e6-73b8-11ed-ba7b-84fdd1f90de3,Avengers: Infinity War
DRAX,3544f37b-73b8-11ed-ba7b-84fdd1f90de3,Avengers: Infinity War
WANDA MAXIMOFF,3544f457-73b8-11ed-ba7b-84fdd1f90de3,Avengers: Infinity War
SHURI,3544f6bb-73b8-11ed-ba7b-84fdd1f90de3,Avengers: Infinity War
MARIA HILL,3544fafe-73b8-11ed-ba7b-84fdd1f90de3,Avengers: Infinity War
NEBULA,3544fb96-73b8-11ed-ba7b-84fdd1f90de3,Avengers: Infinity War
STEPHEN STRANGE,3544fc2b-73b8-11ed-ba7b-84fdd1f90de3,Avengers: Infinity War
VISION,3544fcbf-73b8-11ed-ba7b-84fdd1f90de3,Avengers: Infinity War
OKOYE,354500da-73b8-11ed-ba7b-84fdd1f90de3,Avengers: Infinity War
MANTIS,3545020e-73b8-11ed-ba7b-84fdd1f90de3,Avengers: Infinity War
RED SKULL,35450904-73b8-11ed-ba7b-84fdd1f90de3,Avengers: Infinity War
HEIMDALL,35450ad0-73b8-11ed-ba7b-84fdd1f90de3,Avengers: Infinity War
HULK,35450f20-73b8-11ed-ba7b-84fdd1f90de3,Avengers: Infinity War
FRIDAY,354510de-73b8-11ed-ba7b-84fdd1f90de3,Avengers: Infinity War
SECRETARY ROSS,35451ad3-73b8-11ed-ba7b-84fdd1f90de3,Avengers: Infinity War
GROOT,35451d38-73b8-11ed-ba7b-84fdd1f90de3,Avengers: Infinity War
EBONY MAW,35451de5-73b8-11ed-ba7b-84fdd1f90de3,Avengers: Infinity War
M'BAKU,35451e99-73b8-11ed-ba7b-84fdd1f90de3,Avengers: Infinity War
EITRI,354531af-73b8-11ed-ba7b-84fdd1f90de3,Avengers: Infinity War
STAN LEE,354537a7-73b8-11ed-ba7b-84fdd1f90de3,Avengers: Infinity War
WONG,35454df6-73b8-11ed-ba7b-84fdd1f90de3,Avengers: Infinity War
PROXIMA MIDNIGHT,35456311-73b8-11ed-ba7b-84fdd1f90de3,Avengers: Infinity War
COLLECTOR,3545bb35-73b8-11ed-ba7b-84fdd1f90de3,Avengers: Infinity War
CORVUS GLAIVE,3545d37c-73b8-11ed-ba7b-84fdd1f90de3,Avengers: Infinity War
YOUNG GAMORA,3545dcf1-73b8-11ed-ba7b-84fdd1f90de3,Avengers: Infinity War
JABARI WARRIORS,35460a59-73b8-11ed-ba7b-84fdd1f90de3,Avengers: Infinity War
ASGARDIAN PA,35465059-73b8-11ed-ba7b-84fdd1f90de3,Avengers: Infinity War
CULL OBSIDIAN,35465841-73b8-11ed-ba7b-84fdd1f90de3,Avengers: Infinity War
DOME CONTROL,354686d9-73b8-11ed-ba7b-84fdd1f90de3,Avengers: Infinity War
GAMORA'S MOTHER,35469260-73b8-11ed-ba7b-84fdd1f90de3,Avengers: Infinity War
T'CHALLA,3544ed7f-73b8-11ed-ba7b-84fdd1f90de3,Black Panther
SHURI,3544f6bb-73b8-11ed-ba7b-84fdd1f90de3,Black Panther
NAKIA,3544fdf3-73b8-11ed-ba7b-84fdd1f90de3,Black Panther
OKOYE,354500da-73b8-11ed-ba7b-84fdd1f90de3,Black Panther
EVERETT ROSS,354502a3-73b8-11ed-ba7b-84fdd1f90de3,Black Panther
N'JADAKA (KILLMONGER),35450a3c-73b8-11ed-ba7b-84fdd1f90de3,Black Panther
ULYSSES KLAUE,3545118e-73b8-11ed-ba7b-84fdd1f90de3,Black Panther
M'BAKU,35451e99-73b8-11ed-ba7b-84fdd1f90de3,Black Panther
ZURI,354521e8-73b8-11ed-ba7b-84fdd1f90de3,Black Panther
RAMONDA,3545227f-73b8-11ed-ba7b-84fdd1f90de3,Black Panther
W'KABI,3545246c-73b8-11ed-ba7b-84fdd1f90de3,Black Panther
N'JOBU,3545283a-73b8-11ed-ba7b-84fdd1f90de3,Black Panther
SECURITY GUARD,35452e85-73b8-11ed-ba7b-84fdd1f90de3,Black Panther
T'CHAKA,35452fb3-73b8-11ed-ba7b-84fdd1f90de3,Black Panther
STAN LEE,354537a7-73b8-11ed-ba7b-84fdd1f90de3,Black Panther
MUSEUM DIRECTOR,35455d4f-73b8-11ed-ba7b-84fdd1f90de3,Black Panther
GRIOT,354563a6-73b8-11ed-ba7b-84fdd1f90de3,Black Panther
YOUNG T'CHAKA,35456602-73b8-11ed-ba7b-84fdd1f90de3,Black Panther
MINING TRIBE ELDER,3545bc6f-73b8-11ed-ba7b-84fdd1f90de3,Black Panther
YOUNG ZURI,3545bd36-73b8-11ed-ba7b-84fdd1f90de3,Black Panther
SON,3545bf51-73b8-11ed-ba7b-84fdd1f90de3,Black Panther
CROWD,3545c0b3-73b8-11ed-ba7b-84fdd1f90de3,Black Panther
FATHER,3545c1f0-73b8-11ed-ba7b-84fdd1f90de3,Black Panther
SHAMAN,3545c6fe-73b8-11ed-ba7b-84fdd1f90de3,Black Panther
OAKLAND KID #1,3545d717-73b8-11ed-ba7b-84fdd1f90de3,Black Panther
RIVER TRIBE ELDER,3545d847-73b8-11ed-ba7b-84fdd1f90de3,Black Panther
YOUNG KILLMONGER,3545dae3-73b8-11ed-ba7b-84fdd1f90de3,Black Panther
OAKLAND KID #3,3545e94e-73b8-11ed-ba7b-84fdd1f90de3,Black Panther
OAKLAND KID #2,3545f8d4-73b8-11ed-ba7b-84fdd1f90de3,Black Panther
DORA MILAJE 1,3545fb43-73b8-11ed-ba7b-84fdd1f90de3,Black Panther
YOUNG T' CHAKA,35460f6b-73b8-11ed-ba7b-84fdd1f90de3,Black Panther
MERCHANT TRIBE ELDER,354612bd-73b8-11ed-ba7b-84fdd1f90de3,Black Panther
BORDER TRIBE ELDER,3546189b-73b8-11ed-ba7b-84fdd1f90de3,Black Panther
LIMBANI,354627e9-73b8-11ed-ba7b-84fdd1f90de3,Black Panther
LINDA,35462cf0-73b8-11ed-ba7b-84fdd1f90de3,Black Panther
MILITANT LEADER,35462e39-73b8-11ed-ba7b-84fdd1f90de3,Black Panther
YOUNG BLACK KID,35462edc-73b8-11ed-ba7b-84fdd1f90de3,Black Panther
AYO,3546300c-73b8-11ed-ba7b-84fdd1f90de3,Black Panther
ELDERLY WOMAN,354632aa-73b8-11ed-ba7b-84fdd1f90de3,Black Panther
BUCKY,35464652-73b8-11ed-ba7b-84fdd1f90de3,Black Panther
BBC ANCHOR,35464df3-73b8-11ed-ba7b-84fdd1f90de3,Black Panther
FRENCH AMBASSADOR,35465c0b-73b8-11ed-ba7b-84fdd1f90de3,Black Panther
NIGERIAN MILITANT #2,35466379-73b8-11ed-ba7b-84fdd1f90de3,Black Panther
BORDER TRIBE COMMANDER,3546ac7a-73b8-11ed-ba7b-84fdd1f90de3,Black Panther
DRIVER,3546bf88-73b8-11ed-ba7b-84fdd1f90de3,Black Panther
"ELDERS, WARRIORS, DORA",3546c016-73b8-11ed-ba7b-84fdd1f90de3,Black Panther
BORDER TRIBE,3546cbfb-73b8-11ed-ba7b-84fdd1f90de3,Black Panther
CARGO TRUCK MILITANT,3546cc91-73b8-11ed-ba7b-84fdd1f90de3,Black Panther
CIA AGENT,3546ce38-73b8-11ed-ba7b-84fdd1f90de3,Black Panther
NIGERIAN WOMAN,3546d921-73b8-11ed-ba7b-84fdd1f90de3,Black Panther
SOUTH AFRICAN TOUGH,3546de3b-73b8-11ed-ba7b-84fdd1f90de3,Black Panther
WAKANDAN CHILD,3546e222-73b8-11ed-ba7b-84fdd1f90de3,Black Panther
WAKANDAN CHILDREN,3546e2b6-73b8-11ed-ba7b-84fdd1f90de3,Black Panther
SHURI/NAKIA,3546ea0c-73b8-11ed-ba7b-84fdd1f90de3,Black Panther
TONY STARK,3544d4dc-73b8-11ed-ba7b-84fdd1f90de3,Captain America: Civil War
STEVE ROGERS,3544e24c-73b8-11ed-ba7b-84fdd1f90de3,Captain America: Civil War
PETER PARKER,3544e3d8-73b8-11ed-ba7b-84fdd1f90de3,Captain America: Civil War
NATASHA ROMANOFF,3544e48e-73b8-11ed-ba7b-84fdd1f90de3,Captain America: Civil War
SCOTT LANG,3544e7ea-73b8-11ed-ba7b-84fdd1f90de3,Captain America: Civil War
JAMES RHODES,3544e880-73b8-11ed-ba7b-84fdd1f90de3,Captain America: Civil War
CLINT BARTON,3544eb8e-73b8-11ed-ba7b-84fdd1f90de3,Captain America: Civil War
SAM WILSON,3544ec52-73b8-11ed-ba7b-84fdd1f90de3,Captain America: Civil War
T'CHALLA,3544ed7f-73b8-11ed-ba7b-84fdd1f90de3,Captain America: Civil War
BUCKY BARNES,3544f252-73b8-11ed-ba7b-84fdd1f90de3,Captain America: Civil War
WANDA MAXIMOFF,3544f457-73b8-11ed-ba7b-84fdd1f90de3,Captain America: Civil War
VISION,3544fcbf-73b8-11ed-ba7b-84fdd1f90de3,Captain America: Civil War
EVERETT ROSS,354502a3-73b8-11ed-ba7b-84fdd1f90de3,Captain America: Civil War
HOWARD STARK,354503cc-73b8-11ed-ba7b-84fdd1f90de3,Captain America: Civil War
BROCK RUMLOW,35450d56-73b8-11ed-ba7b-84fdd1f90de3,Captain America: Civil War
MAY PARKER,35450df4-73b8-11ed-ba7b-84fdd1f90de3,Captain America: Civil War
FRIDAY,354510de-73b8-11ed-ba7b-84fdd1f90de3,Captain America: Civil War
SHARON CARTER,354512d0-73b8-11ed-ba7b-84fdd1f90de3,Captain America: Civil War
HELMUT ZEMO,3545173b-73b8-11ed-ba7b-84fdd1f90de3,Captain America: Civil War
SECRETARY ROSS,35451ad3-73b8-11ed-ba7b-84fdd1f90de3,Captain America: Civil War
T'CHAKA,35452fb3-73b8-11ed-ba7b-84fdd1f90de3,Captain America: Civil War
STAN LEE,354537a7-73b8-11ed-ba7b-84fdd1f90de3,Captain America: Civil War
VASILY KARPOV,354557d4-73b8-11ed-ba7b-84fdd1f90de3,Captain America: Civil War
GERMAN INNKEEPER,3545a5ad-73b8-11ed-ba7b-84fdd1f90de3,Captain America: Civil War
GUARD,3545a772-73b8-11ed-ba7b-84fdd1f90de3,Captain America: Civil War
MARIA STARK,3545ae0b-73b8-11ed-ba7b-84fdd1f90de3,Captain America: Civil War
YOUNG TONY STARK,3545b068-73b8-11ed-ba7b-84fdd1f90de3,Captain America: Civil War
MRS. SPENCER,3545c328-73b8-11ed-ba7b-84fdd1f90de3,Captain America: Civil War
DELIVERY TRUCK DRIVER,3545d414-73b8-11ed-ba7b-84fdd1f90de3,Captain America: Civil War
MIT TEACHER,3545df64-73b8-11ed-ba7b-84fdd1f90de3,Captain America: Civil War
NEWS ANCHOR #4,3545e003-73b8-11ed-ba7b-84fdd1f90de3,Captain America: Civil War
GSG-9 SOLDIER,3545f7a3-73b8-11ed-ba7b-84fdd1f90de3,Captain America: Civil War
ZEMO'S WIFE,3546038c-73b8-11ed-ba7b-84fdd1f90de3,Captain America: Civil War
NEWS ANCHOR #1,35460423-73b8-11ed-ba7b-84fdd1f90de3,Captain America: Civil War
MERCENARY #1,35461d6f-73b8-11ed-ba7b-84fdd1f90de3,Captain America: Civil War
UN STAFFER,354629ef-73b8-11ed-ba7b-84fdd1f90de3,Captain America: Civil War
CUSTODIAN,354643cf-73b8-11ed-ba7b-84fdd1f90de3,Captain America: Civil War
STARK'S ASSISTANT,3546566a-73b8-11ed-ba7b-84fdd1f90de3,Captain America: Civil War
NEWS ANCHOR #2,354658ec-73b8-11ed-ba7b-84fdd1f90de3,Captain America: Civil War
NEWS ANCHOR #5,354659ab-73b8-11ed-ba7b-84fdd1f90de3,Captain America: Civil War
PRIEST,35465dfa-73b8-11ed-ba7b-84fdd1f90de3,Captain America: Civil War
ATTACHE,35466097-73b8-11ed-ba7b-84fdd1f90de3,Captain America: Civil War
NEWS ANCHOR #3,35466257-73b8-11ed-ba7b-84fdd1f90de3,Captain America: Civil War
MAN ON PA #1,354668e8-73b8-11ed-ba7b-84fdd1f90de3,Captain America: Civil War
MAN ON SPEAKERS,3546697b-73b8-11ed-ba7b-84fdd1f90de3,Captain America: Civil War
MAN ON PA #2,35467bff-73b8-11ed-ba7b-84fdd1f90de3,Captain America: Civil War
SECURITY CHIEF,35469fdc-73b8-11ed-ba7b-84fdd1f90de3,Captain America: Civil War
GSG-9 DRIVER,3546af45-73b8-11ed-ba7b-84fdd1f90de3,Captain America: Civil War
MERCENARY #2,3546c4e5-73b8-11ed-ba7b-84fdd1f90de3,Captain America: Civil War
JOSEF / SUPER SOLDIER #1,3546d536-73b8-11ed-ba7b-84fdd1f90de3,Captain America: Civil War
MERCENARY,3546e848-73b8-11ed-ba7b-84fdd1f90de3,Captain America: Civil War
STEVE ROGERS,3544e24c-73b8-11ed-ba7b-84fdd1f90de3,Captain America: The First Avenger
NICK FURY,3544e689-73b8-11ed-ba7b-84fdd1f90de3,Captain America: The First Avenger
BUCKY BARNES,3544f252-73b8-11ed-ba7b-84fdd1f90de3,Captain America: The First Avenger
PEGGY CARTER,3544f627-73b8-11ed-ba7b-84fdd1f90de3,Captain America: The First Avenger
HOWARD STARK,354503cc-73b8-11ed-ba7b-84fdd1f90de3,Captain America: The First Avenger
COL. CHESTER PHILLIPS,354505d9-73b8-11ed-ba7b-84fdd1f90de3,Captain America: The First Avenger
RED SKULL,35450904-73b8-11ed-ba7b-84fdd1f90de3,Captain America: The First Avenger
DR. ARNIM ZOLA,35450fb4-73b8-11ed-ba7b-84fdd1f90de3,Captain America: The First Avenger
DR. ABRAHAM ERSKINE,3545137e-73b8-11ed-ba7b-84fdd1f90de3,Captain America: The First Avenger
SHIELD AGENT,354535bc-73b8-11ed-ba7b-84fdd1f90de3,Captain America: The First Avenger
DIRECTOR,35453845-73b8-11ed-ba7b-84fdd1f90de3,Captain America: The First Avenger
SENATOR BRANDT,35454cb6-73b8-11ed-ba7b-84fdd1f90de3,Captain America: The First Avenger
DUM DUM DUGAN,354552f0-73b8-11ed-ba7b-84fdd1f90de3,Captain America: The First Avenger
GABE JONES,35455af6-73b8-11ed-ba7b-84fdd1f90de3,Captain America: The First Avenger
OFFICER,35455b8c-73b8-11ed-ba7b-84fdd1f90de3,Captain America: The First Avenger
JIM MORITA,35455fd3-73b8-11ed-ba7b-84fdd1f90de3,Captain America: The First Avenger
JAMES MONTGOMERY FALSWORTH,354561bb-73b8-11ed-ba7b-84fdd1f90de3,Captain America: The First Avenger
WOMAN,3545643c-73b8-11ed-ba7b-84fdd1f90de3,Captain America: The First Avenger
GENERAL,35456744-73b8-11ed-ba7b-84fdd1f90de3,Captain America: The First Avenger
TOWER KEEPER,35456879-73b8-11ed-ba7b-84fdd1f90de3,Captain America: The First Avenger
4F DOCTOR,35456a35-73b8-11ed-ba7b-84fdd1f90de3,Captain America: The First Avenger
USO SINGER,35456b12-73b8-11ed-ba7b-84fdd1f90de3,Captain America: The First Avenger
GUARD,3545a772-73b8-11ed-ba7b-84fdd1f90de3,Captain America: The First Avenger
SHIELD LIEUTENANT,3545a846-73b8-11ed-ba7b-84fdd1f90de3,Captain America: The First Avenger
SHIELD TECH,3545aaee-73b8-11ed-ba7b-84fdd1f90de3,Captain America: The First Avenger
SEARCH TEAM LEADER,3545aea3-73b8-11ed-ba7b-84fdd1f90de3,Captain America: The First Avenger
BRANDT’S AIDE,3545af3c-73b8-11ed-ba7b-84fdd1f90de3,Captain America: The First Avenger
PVT. LORRAINE,3545b2a0-73b8-11ed-ba7b-84fdd1f90de3,Captain America: The First Avenger
SERGEANT DUFFY,3545c288-73b8-11ed-ba7b-84fdd1f90de3,Captain America: The First Avenger
ROEDER,3545c65d-73b8-11ed-ba7b-84fdd1f90de3,Captain America: The First Avenger
SCHNEIDER,3545cb83-73b8-11ed-ba7b-84fdd1f90de3,Captain America: The First Avenger
GILMORE HODGE,3545d075-73b8-11ed-ba7b-84fdd1f90de3,Captain America: The First Avenger
COMMERCIAL ANNOUNCER,3545e097-73b8-11ed-ba7b-84fdd1f90de3,Captain America: The First Avenger
HEINZ KRUGER,3545e268-73b8-11ed-ba7b-84fdd1f90de3,Captain America: The First Avenger
HUTTER,3545e59a-73b8-11ed-ba7b-84fdd1f90de3,Captain America: The First Avenger
LOUD JERK,3545ed3b-73b8-11ed-ba7b-84fdd1f90de3,Captain America: The First Avenger
MOTHER,3545f83e-73b8-11ed-ba7b-84fdd1f90de3,Captain America: The First Avenger
CONNIE,3545faae-73b8-11ed-ba7b-84fdd1f90de3,Captain America: The First Avenger
YOUNG BOY,3545fe93-73b8-11ed-ba7b-84fdd1f90de3,Captain America: The First Avenger
DODGERS ANNOUNCER,354602f2-73b8-11ed-ba7b-84fdd1f90de3,Captain America: The First Avenger
ARMY HECKLER#1,354610a5-73b8-11ed-ba7b-84fdd1f90de3,Captain America: The First Avenger
STARK’S ENGINEER,3546206e-73b8-11ed-ba7b-84fdd1f90de3,Captain America: The First Avenger
JAN,35463807-73b8-11ed-ba7b-84fdd1f90de3,Captain America: The First Avenger
SOLDIERS,354639ff-73b8-11ed-ba7b-84fdd1f90de3,Captain America: The First Avenger
HYDRA LIEUTENANT,354640de-73b8-11ed-ba7b-84fdd1f90de3,Captain America: The First Avenger
YOUNG DOCTOR,35464598-73b8-11ed-ba7b-84fdd1f90de3,Captain America: The First Avenger
MAN ON THE RADIO,354652be-73b8-11ed-ba7b-84fdd1f90de3,Captain America: The First Avenger
EXPO ANNOUNCER,35465d62-73b8-11ed-ba7b-84fdd1f90de3,Captain America: The First Avenger
TAXI DRIVER,354664c6-73b8-11ed-ba7b-84fdd1f90de3,Captain America: The First Avenger
ENLISTMENT GUY,35467e45-73b8-11ed-ba7b-84fdd1f90de3,Captain America: The First Avenger
FACILITY MANAGER,35467fa9-73b8-11ed-ba7b-84fdd1f90de3,Captain America: The First Avenger
BARKEEPER,35468eb8-73b8-11ed-ba7b-84fdd1f90de3,Captain America: The First Avenger
HYDRA SOLDIER,354692f5-73b8-11ed-ba7b-84fdd1f90de3,Captain America: The First Avenger
ANTIQUE STORE OWNER,354698bc-73b8-11ed-ba7b-84fdd1f90de3,Captain America: The First Avenger
KIDS IN USO AUDIENCE,35469ba5-73b8-11ed-ba7b-84fdd1f90de3,Captain America: The First Avenger
MANDY,35469cd4-73b8-11ed-ba7b-84fdd1f90de3,Captain America: The First Avenger
ARMY HECKLER#2,3546a94e-73b8-11ed-ba7b-84fdd1f90de3,Captain America: The First Avenger
ARMY HECKLER#3,3546a9e3-73b8-11ed-ba7b-84fdd1f90de3,Captain America: The First Avenger
ARMY HECKLER#4,3546aa8c-73b8-11ed-ba7b-84fdd1f90de3,Captain America: The First Avenger
JAQUES DERNIER,3546b196-73b8-11ed-ba7b-84fdd1f90de3,Captain America: The First Avenger
MAN#1,3546b317-73b8-11ed-ba7b-84fdd1f90de3,Captain America: The First Avenger
MAN#2,3546b3af-73b8-11ed-ba7b-84fdd1f90de3,Captain America: The First Avenger
RANDOM WOMAN,3546bb78-73b8-11ed-ba7b-84fdd1f90de3,Captain America: The First Avenger
SSR DOCTOR,3546bca2-73b8-11ed-ba7b-84fdd1f90de3,Captain America: The First Avenger
VOICE FROM EARPIECE,3546bdd8-73b8-11ed-ba7b-84fdd1f90de3,Captain America: The First Avenger
USO GIRL,3546c900-73b8-11ed-ba7b-84fdd1f90de3,Captain America: The First Avenger
CORPORAL,3546ced1-73b8-11ed-ba7b-84fdd1f90de3,Captain America: The First Avenger
HYDRA TECHNICIANS,3546d415-73b8-11ed-ba7b-84fdd1f90de3,Captain America: The First Avenger
HYDRA GUARDS,3546e67b-73b8-11ed-ba7b-84fdd1f90de3,Captain America: The First Avenger
JACQUES DERNIER,3546e711-73b8-11ed-ba7b-84fdd1f90de3,Captain America: The First Avenger
STEVE ROGERS,3544e24c-73b8-11ed-ba7b-84fdd1f90de3,Captain America: The Winter Soldier
NATASHA ROMANOFF,3544e48e-73b8-11ed-ba7b-84fdd1f90de3,Captain America: The Winter Soldier
NICK FURY,3544e689-73b8-11ed-ba7b-84fdd1f90de3,Captain America: The Winter Soldier
SAM WILSON,3544ec52-73b8-11ed-ba7b-84fdd1f90de3,Captain America: The Winter Soldier
BUCKY BARNES,3544f252-73b8-11ed-ba7b-84fdd1f90de3,Captain America: The Winter Soldier
PEGGY CARTER,3544f627-73b8-11ed-ba7b-84fdd1f90de3,Captain America: The Winter Soldier
MARIA HILL,3544fafe-73b8-11ed-ba7b-84fdd1f90de3,Captain America: The Winter Soldier
ALEXANDER PIERCE,35450511-73b8-11ed-ba7b-84fdd1f90de3,Captain America: The Winter Soldier
BROCK RUMLOW,35450d56-73b8-11ed-ba7b-84fdd1f90de3,Captain America: The Winter Soldier
DR. ARNIM ZOLA,35450fb4-73b8-11ed-ba7b-84fdd1f90de3,Captain America: The Winter Soldier
SHARON CARTER,354512d0-73b8-11ed-ba7b-84fdd1f90de3,Captain America: The Winter Soldier
SENATOR STERN,35451544-73b8-11ed-ba7b-84fdd1f90de3,Captain America: The Winter Soldier
JASPER SITWELL,35452149-73b8-11ed-ba7b-84fdd1f90de3,Captain America: The Winter Soldier
BARON WOLFGANG VON STRUCKER,35452de8-73b8-11ed-ba7b-84fdd1f90de3,Captain America: The Winter Soldier
SHIELD AGENT,354535bc-73b8-11ed-ba7b-84fdd1f90de3,Captain America: The Winter Soldier
FURY'S CAR,35453654-73b8-11ed-ba7b-84fdd1f90de3,Captain America: The Winter Soldier
SHIELD COMPUTER,35454922-73b8-11ed-ba7b-84fdd1f90de3,Captain America: The Winter Soldier
COUNCILMAN ROCKWELL,3545560c-73b8-11ed-ba7b-84fdd1f90de3,Captain America: The Winter Soldier
DR. LIST,35455deb-73b8-11ed-ba7b-84fdd1f90de3,Captain America: The Winter Soldier
DOCTOR,35455e80-73b8-11ed-ba7b-84fdd1f90de3,Captain America: The Winter Soldier
SHIELD TECH,3545aaee-73b8-11ed-ba7b-84fdd1f90de3,Captain America: The Winter Soldier
COMPUTER,3545ac20-73b8-11ed-ba7b-84fdd1f90de3,Captain America: The Winter Soldier
FRENCH PIRATE #1,3545acd7-73b8-11ed-ba7b-84fdd1f90de3,Captain America: The Winter Soldier
PILOT,3545b425-73b8-11ed-ba7b-84fdd1f90de3,Captain America: The Winter Soldier
CHARLIE WEAPONS TECH,3545b94d-73b8-11ed-ba7b-84fdd1f90de3,Captain America: The Winter Soldier
SERGEANT DUFFY,3545c288-73b8-11ed-ba7b-84fdd1f90de3,Captain America: The Winter Soldier
COUNCILMAN SINGH,3545c5bd-73b8-11ed-ba7b-84fdd1f90de3,Captain America: The Winter Soldier
APPLE EMPLOYEE,3545cfdf-73b8-11ed-ba7b-84fdd1f90de3,Captain America: The Winter Soldier
COM TECH #1,3545d1ae-73b8-11ed-ba7b-84fdd1f90de3,Captain America: The Winter Soldier
CHARLIE XO,3545d546-73b8-11ed-ba7b-84fdd1f90de3,Captain America: The Winter Soldier
FRENCH PIRATE,3545d673-73b8-11ed-ba7b-84fdd1f90de3,Captain America: The Winter Soldier
MALE NURSE,3545dd91-73b8-11ed-ba7b-84fdd1f90de3,Captain America: The Winter Soldier
THE SMITHSONIAN NARRATOR,3545de29-73b8-11ed-ba7b-84fdd1f90de3,Captain America: The Winter Soldier
COMMITTEE GENERAL,3545e1ce-73b8-11ed-ba7b-84fdd1f90de3,Captain America: The Winter Soldier
FEMALE WAR VETERAN,3545e503-73b8-11ed-ba7b-84fdd1f90de3,Captain America: The Winter Soldier
RENATA,3545f0df-73b8-11ed-ba7b-84fdd1f90de3,Captain America: The Winter Soldier
STRIKE AGENT,3545f34a-73b8-11ed-ba7b-84fdd1f90de3,Captain America: The Winter Soldier
COM TECH #2,3545fd9c-73b8-11ed-ba7b-84fdd1f90de3,Captain America: The Winter Soldier
SHIELD AGENT #2,3546006d-73b8-11ed-ba7b-84fdd1f90de3,Captain America: The Winter Soldier
SCUDDER,3546055e-73b8-11ed-ba7b-84fdd1f90de3,Captain America: The Winter Soldier
GEORGES BATROC,35460743-73b8-11ed-ba7b-84fdd1f90de3,Captain America: The Winter Soldier
COUNCILWOMAN HAWLEY,354609c1-73b8-11ed-ba7b-84fdd1f90de3,Captain America: The Winter Soldier
WOMAN ON PA,354617a8-73b8-11ed-ba7b-84fdd1f90de3,Captain America: The Winter Soldier
MAN ON PA,35461cdb-73b8-11ed-ba7b-84fdd1f90de3,Captain America: The Winter Soldier
COUNCILMAN YEN,354621bb-73b8-11ed-ba7b-84fdd1f90de3,Captain America: The Winter Soldier
SCIENTIST #1,35462956-73b8-11ed-ba7b-84fdd1f90de3,Captain America: The Winter Soldier
HYDRA DISPATCH,35463771-73b8-11ed-ba7b-84fdd1f90de3,Captain America: The Winter Soldier
FEMALE NURSE,35463f9c-73b8-11ed-ba7b-84fdd1f90de3,Captain America: The Winter Soldier
BAILIFF,3546612b-73b8-11ed-ba7b-84fdd1f90de3,Captain America: The Winter Soldier
SHIELD PILOT,35466687-73b8-11ed-ba7b-84fdd1f90de3,Captain America: The Winter Soldier
OLD FOOTAGE RECORDING,354680f2-73b8-11ed-ba7b-84fdd1f90de3,Captain America: The Winter Soldier
QUINJET PILOT,35468225-73b8-11ed-ba7b-84fdd1f90de3,Captain America: The Winter Soldier
25TH FLOOR STRIKE AGENT,35468481-73b8-11ed-ba7b-84fdd1f90de3,Captain America: The Winter Soldier
TEXT MESSAGE,35468899-73b8-11ed-ba7b-84fdd1f90de3,Captain America: The Winter Soldier
COUNCILMAN HAWLEY,35468a4e-73b8-11ed-ba7b-84fdd1f90de3,Captain America: The Winter Soldier
SMITHSONIAN GUARD,3546a06e-73b8-11ed-ba7b-84fdd1f90de3,Captain America: The Winter Soldier
SHIELD AGENT #1,3546a5a8-73b8-11ed-ba7b-84fdd1f90de3,Captain America: The Winter Soldier
FRENCH PIRATE #2,3546ae68-73b8-11ed-ba7b-84fdd1f90de3,Captain America: The Winter Soldier
JACK ROLLINS,3546b079-73b8-11ed-ba7b-84fdd1f90de3,Captain America: The Winter Soldier
SHIELD AGENT #3,3546c7b0-73b8-11ed-ba7b-84fdd1f90de3,Captain America: The Winter Soldier
DOCTOR #1,3546cf7e-73b8-11ed-ba7b-84fdd1f90de3,Captain America: The Winter Soldier
STRIKE AGENT #2,3546dfb4-73b8-11ed-ba7b-84fdd1f90de3,Captain America: The Winter Soldier
DURAND,3546e5c2-73b8-11ed-ba7b-84fdd1f90de3,Captain America: The Winter Soldier
STRIKE AGENT #1,3546eb4a-73b8-11ed-ba7b-84fdd1f90de3,Captain America: The Winter Soldier
STRIKE AGENT #3,3546ebe8-73b8-11ed-ba7b-84fdd1f90de3,Captain America: The Winter Soldier
STEVE ROGERS,3544e24c-73b8-11ed-ba7b-84fdd1f90de3,Captain Marvel
NATASHA ROMANOFF,3544e48e-73b8-11ed-ba7b-84fdd1f90de3,Captain Marvel
BRUCE BANNER,3544e5dd-73b8-11ed-ba7b-84fdd1f90de3,Captain Marvel
NICK FURY,3544e689-73b8-11ed-ba7b-84fdd1f90de3,Captain Marvel
JAMES RHODES,3544e880-73b8-11ed-ba7b-84fdd1f90de3,Captain Marvel
CAROL DANVERS,3544e9b8-73b8-11ed-ba7b-84fdd1f90de3,Captain Marvel
PHIL COULSON,3544f1bc-73b8-11ed-ba7b-84fdd1f90de3,Captain Marvel
YON-ROGG,3544ff1f-73b8-11ed-ba7b-84fdd1f90de3,Captain Marvel
TALOS,35450692-73b8-11ed-ba7b-84fdd1f90de3,Captain Marvel
MARIA RAMBEAU,35450e8c-73b8-11ed-ba7b-84fdd1f90de3,Captain Marvel
WENDY LAWSON,3545250c-73b8-11ed-ba7b-84fdd1f90de3,Captain Marvel
MONICA RAMBEAU,3545276d-73b8-11ed-ba7b-84fdd1f90de3,Captain Marvel
SUPREME INTELLIGENCE,35453488-73b8-11ed-ba7b-84fdd1f90de3,Captain Marvel
STAN LEE,354537a7-73b8-11ed-ba7b-84fdd1f90de3,Captain Marvel
DIRECTOR,35453845-73b8-11ed-ba7b-84fdd1f90de3,Captain Marvel
MINN-ERVA,35454ae1-73b8-11ed-ba7b-84fdd1f90de3,Captain Marvel
KORATH,354551b9-73b8-11ed-ba7b-84fdd1f90de3,Captain Marvel
RONAN,35455741-73b8-11ed-ba7b-84fdd1f90de3,Captain Marvel
SKRULL SCIENTIST,3545608f-73b8-11ed-ba7b-84fdd1f90de3,Captain Marvel
BRON-CHAR,354564d7-73b8-11ed-ba7b-84fdd1f90de3,Captain Marvel
COMPUTER,3545ac20-73b8-11ed-ba7b-84fdd1f90de3,Captain Marvel
PILOT,3545b425-73b8-11ed-ba7b-84fdd1f90de3,Captain Marvel
TOM,3545b561-73b8-11ed-ba7b-84fdd1f90de3,Captain Marvel
AGENT,3545b80c-73b8-11ed-ba7b-84fdd1f90de3,Captain Marvel
ATT-LASS,3545b9e7-73b8-11ed-ba7b-84fdd1f90de3,Captain Marvel
SECURITY,3545ba84-73b8-11ed-ba7b-84fdd1f90de3,Captain Marvel
MEDICAL EXAMINER,3545cdea-73b8-11ed-ba7b-84fdd1f90de3,Captain Marvel
SOREN,3545e774-73b8-11ed-ba7b-84fdd1f90de3,Captain Marvel
SECURITY CHECKPOINT,3545f17c-73b8-11ed-ba7b-84fdd1f90de3,Captain Marvel
KREE,3545f212-73b8-11ed-ba7b-84fdd1f90de3,Captain Marvel
ACCUSER,3545ff36-73b8-11ed-ba7b-84fdd1f90de3,Captain Marvel
SECURITY OFFICER,35461fd7-73b8-11ed-ba7b-84fdd1f90de3,Captain Marvel
SCANNER,354628ba-73b8-11ed-ba7b-84fdd1f90de3,Captain Marvel
BARTENDER,35463643-73b8-11ed-ba7b-84fdd1f90de3,Captain Marvel
SKRULL TECH,35464208-73b8-11ed-ba7b-84fdd1f90de3,Captain Marvel
SKRULL,35464703-73b8-11ed-ba7b-84fdd1f90de3,Captain Marvel
VERS' BROTHER,3546547f-73b8-11ed-ba7b-84fdd1f90de3,Captain Marvel
BIKER,354667be-73b8-11ed-ba7b-84fdd1f90de3,Captain Marvel
CADETS,35466854-73b8-11ed-ba7b-84fdd1f90de3,Captain Marvel
JOSEPH DANVERS,35467b6c-73b8-11ed-ba7b-84fdd1f90de3,Captain Marvel
BOY,354685ae-73b8-11ed-ba7b-84fdd1f90de3,Captain Marvel
ELECTRONIC VOICE-OVER,35469129-73b8-11ed-ba7b-84fdd1f90de3,Captain Marvel
"VERS, BRON-CHAR, KORATH, MINN-ERVA AND ATT-LASS",3546a133-73b8-11ed-ba7b-84fdd1f90de3,Captain Marvel
DRILL INSTRUCTOR,3546a288-73b8-11ed-ba7b-84fdd1f90de3,Captain Marvel
FURY AND MARIA,3546d32e-73b8-11ed-ba7b-84fdd1f90de3,Captain Marvel
SOH-LARR,3546ea9d-73b8-11ed-ba7b-84fdd1f90de3,Captain Marvel
PETER QUILL,3544e922-73b8-11ed-ba7b-84fdd1f90de3,Guardians of the Galaxy Vol. 2
ROCKET,3544eaf0-73b8-11ed-ba7b-84fdd1f90de3,Guardians of the Galaxy Vol. 2
GAMORA,3544ece9-73b8-11ed-ba7b-84fdd1f90de3,Guardians of the Galaxy Vol. 2
DRAX,3544f37b-73b8-11ed-ba7b-84fdd1f90de3,Guardians of the Galaxy Vol. 2
NEBULA,3544fb96-73b8-11ed-ba7b-84fdd1f90de3,Guardians of the Galaxy Vol. 2
YONDU,3544ffb2-73b8-11ed-ba7b-84fdd1f90de3,Guardians of the Galaxy Vol. 2
MANTIS,3545020e-73b8-11ed-ba7b-84fdd1f90de3,Guardians of the Galaxy Vol. 2
EGO,354507d5-73b8-11ed-ba7b-84fdd1f90de3,Guardians of the Galaxy Vol. 2
GROOT,35451d38-73b8-11ed-ba7b-84fdd1f90de3,Guardians of the Galaxy Vol. 2
TASERFACE,35452a1b-73b8-11ed-ba7b-84fdd1f90de3,Guardians of the Galaxy Vol. 2
AYESHA,35452cae-73b8-11ed-ba7b-84fdd1f90de3,Guardians of the Galaxy Vol. 2
KRAGLIN,3545310b-73b8-11ed-ba7b-84fdd1f90de3,Guardians of the Galaxy Vol. 2
STAN LEE,354537a7-73b8-11ed-ba7b-84fdd1f90de3,Guardians of the Galaxy Vol. 2
STAKAR,3545557a-73b8-11ed-ba7b-84fdd1f90de3,Guardians of the Galaxy Vol. 2
MEREDITH QUILL,3545b4c5-73b8-11ed-ba7b-84fdd1f90de3,Guardians of the Galaxy Vol. 2
TULLK,3545d244-73b8-11ed-ba7b-84fdd1f90de3,Guardians of the Galaxy Vol. 2
ADMIRAL,3545e468-73b8-11ed-ba7b-84fdd1f90de3,Guardians of the Galaxy Vol. 2
GEF THE RAVAGER,3545e632-73b8-11ed-ba7b-84fdd1f90de3,Guardians of the Galaxy Vol. 2
CHAMBERMAID,3545ec99-73b8-11ed-ba7b-84fdd1f90de3,Guardians of the Galaxy Vol. 2
RETCH,3545ef09-73b8-11ed-ba7b-84fdd1f90de3,Guardians of the Galaxy Vol. 2
OBLO,35461e0f-73b8-11ed-ba7b-84fdd1f90de3,Guardians of the Galaxy Vol. 2
FRIGHTENED PILOT,35462bb7-73b8-11ed-ba7b-84fdd1f90de3,Guardians of the Galaxy Vol. 2
MARTINEX,35462d87-73b8-11ed-ba7b-84fdd1f90de3,Guardians of the Galaxy Vol. 2
ALETA,35462f73-73b8-11ed-ba7b-84fdd1f90de3,Guardians of the Galaxy Vol. 2
CHARLIE-27,35463e6a-73b8-11ed-ba7b-84fdd1f90de3,Guardians of the Galaxy Vol. 2
OFFICER FITZGIBBON,354665f2-73b8-11ed-ba7b-84fdd1f90de3,Guardians of the Galaxy Vol. 2
BRAHL,35467d23-73b8-11ed-ba7b-84fdd1f90de3,Guardians of the Galaxy Vol. 2
MAINFRAME,3546b275-73b8-11ed-ba7b-84fdd1f90de3,Guardians of the Galaxy Vol. 2
GRANDPA QUILL,3546c13d-73b8-11ed-ba7b-84fdd1f90de3,Guardians of the Galaxy Vol. 2
HALF-NUT,3546c1cb-73b8-11ed-ba7b-84fdd1f90de3,Guardians of the Galaxy Vol. 2
PROPRIETOR,3546c60a-73b8-11ed-ba7b-84fdd1f90de3,Guardians of the Galaxy Vol. 2
WEIRD OLD MAN,3546ca44-73b8-11ed-ba7b-84fdd1f90de3,Guardians of the Galaxy Vol. 2
SCURRILOUS RAVAGER,3546dda9-73b8-11ed-ba7b-84fdd1f90de3,Guardians of the Galaxy Vol. 2
SOVEREIGN PILOT,3546df1d-73b8-11ed-ba7b-84fdd1f90de3,Guardians of the Galaxy Vol. 2
TALL RAVAGER,3546ec84-73b8-11ed-ba7b-84fdd1f90de3,Guardians of the Galaxy Vol. 2
TONY STARK,3544d4dc-73b8-11ed-ba7b-84fdd1f90de3,Iron Man
PEPPER POTTS,3544e544-73b8-11ed-ba7b-84fdd1f90de3,Iron Man
JAMES RHODES,3544e880-73b8-11ed-ba7b-84fdd1f90de3,Iron Man
HAPPY HOGAN,3544ee2b-73b8-11ed-ba7b-84fdd1f90de3,Iron Man
JARVIS,3544effd-73b8-11ed-ba7b-84fdd1f90de3,Iron Man
PHIL COULSON,3544f1bc-73b8-11ed-ba7b-84fdd1f90de3,Iron Man
OBADIAH STANE,35450c03-73b8-11ed-ba7b-84fdd1f90de3,Iron Man
YINSEN,35451049-73b8-11ed-ba7b-84fdd1f90de3,Iron Man
CHRISTINE EVERHART,354517d4-73b8-11ed-ba7b-84fdd1f90de3,Iron Man
MAJOR ALLEN,3545263d-73b8-11ed-ba7b-84fdd1f90de3,Iron Man
RAZA,35454a3f-73b8-11ed-ba7b-84fdd1f90de3,Iron Man
GENERAL GABRIEL,354558fe-73b8-11ed-ba7b-84fdd1f90de3,Iron Man
OFFICER,35455b8c-73b8-11ed-ba7b-84fdd1f90de3,Iron Man
VIPER 1,35455cbc-73b8-11ed-ba7b-84fdd1f90de3,Iron Man
WOMAN,3545643c-73b8-11ed-ba7b-84fdd1f90de3,Iron Man
VIPER 2,35456eef-73b8-11ed-ba7b-84fdd1f90de3,Iron Man
ABU,3545ad73-73b8-11ed-ba7b-84fdd1f90de3,Iron Man
AGENT,3545b80c-73b8-11ed-ba7b-84fdd1f90de3,Iron Man
REPORTER,3545c14e-73b8-11ed-ba7b-84fdd1f90de3,Iron Man
HEAD ENGINEER,3545caba-73b8-11ed-ba7b-84fdd1f90de3,Iron Man
IRON MAN JIMMY,3545d4ad-73b8-11ed-ba7b-84fdd1f90de3,Iron Man
PRATT,3545fbd5-73b8-11ed-ba7b-84fdd1f90de3,Iron Man
REPORTER #2,35460926-73b8-11ed-ba7b-84fdd1f90de3,Iron Man
BITCHING-BETTY,35462b25-73b8-11ed-ba7b-84fdd1f90de3,Iron Man
REPORTER # 1,35463b57-73b8-11ed-ba7b-84fdd1f90de3,Iron Man
TV REPORTER’S VOICE,35464bee-73b8-11ed-ba7b-84fdd1f90de3,Iron Man
NARRATOR,35464c84-73b8-11ed-ba7b-84fdd1f90de3,Iron Man
CRAMER,35465b74-73b8-11ed-ba7b-84fdd1f90de3,Iron Man
TYCOON,35468359-73b8-11ed-ba7b-84fdd1f90de3,Iron Man
ATTENDANT,3546892a-73b8-11ed-ba7b-84fdd1f90de3,Iron Man
SOLDIER,35468c38-73b8-11ed-ba7b-84fdd1f90de3,Iron Man
KID IN THE BACKSEAT,35469b13-73b8-11ed-ba7b-84fdd1f90de3,Iron Man
REPORTER #3,35469e1a-73b8-11ed-ba7b-84fdd1f90de3,Iron Man
RAMIREZ,3546bae2-73b8-11ed-ba7b-84fdd1f90de3,Iron Man
IRON MAN KID,3546c25a-73b8-11ed-ba7b-84fdd1f90de3,Iron Man
KHALID,3546c3bb-73b8-11ed-ba7b-84fdd1f90de3,Iron Man
DUBAI BEAUTY #1,3546e51e-73b8-11ed-ba7b-84fdd1f90de3,Iron Man
TONY STARK,3544d4dc-73b8-11ed-ba7b-84fdd1f90de3,Iron Man 2
NATASHA ROMANOFF,3544e48e-73b8-11ed-ba7b-84fdd1f90de3,Iron Man 2
PEPPER POTTS,3544e544-73b8-11ed-ba7b-84fdd1f90de3,Iron Man 2
NICK FURY,3544e689-73b8-11ed-ba7b-84fdd1f90de3,Iron Man 2
JAMES RHODES,3544e880-73b8-11ed-ba7b-84fdd1f90de3,Iron Man 2
HAPPY HOGAN,3544ee2b-73b8-11ed-ba7b-84fdd1f90de3,Iron Man 2
JARVIS,3544effd-73b8-11ed-ba7b-84fdd1f90de3,Iron Man 2
PHIL COULSON,3544f1bc-73b8-11ed-ba7b-84fdd1f90de3,Iron Man 2
JUSTIN HAMMER,3544f94c-73b8-11ed-ba7b-84fdd1f90de3,Iron Man 2
HOWARD STARK,354503cc-73b8-11ed-ba7b-84fdd1f90de3,Iron Man 2
IVAN VANKO,35451417-73b8-11ed-ba7b-84fdd1f90de3,Iron Man 2
SENATOR STERN,35451544-73b8-11ed-ba7b-84fdd1f90de3,Iron Man 2
CHRISTINE EVERHART,354517d4-73b8-11ed-ba7b-84fdd1f90de3,Iron Man 2
MAJOR ALLEN,3545263d-73b8-11ed-ba7b-84fdd1f90de3,Iron Man 2
MAN,35452b7b-73b8-11ed-ba7b-84fdd1f90de3,Iron Man 2
SECURITY GUARD,35452e85-73b8-11ed-ba7b-84fdd1f90de3,Iron Man 2
SHIELD AGENT,354535bc-73b8-11ed-ba7b-84fdd1f90de3,Iron Man 2
STAN LEE,354537a7-73b8-11ed-ba7b-84fdd1f90de3,Iron Man 2
NEWS REPORTER,3545598e-73b8-11ed-ba7b-84fdd1f90de3,Iron Man 2
POLICE OFFICER,35455c26-73b8-11ed-ba7b-84fdd1f90de3,Iron Man 2
WOMAN,3545643c-73b8-11ed-ba7b-84fdd1f90de3,Iron Man 2
GENERAL,35456744-73b8-11ed-ba7b-84fdd1f90de3,Iron Man 2
MARSHAL,3545690a-73b8-11ed-ba7b-84fdd1f90de3,Iron Man 2
ANNOUNCER,3545b1b5-73b8-11ed-ba7b-84fdd1f90de3,Iron Man 2
JACK,3545bbd1-73b8-11ed-ba7b-84fdd1f90de3,Iron Man 2
STRAWBERRY MAN,3545bdd7-73b8-11ed-ba7b-84fdd1f90de3,Iron Man 2
REPORTER,3545c14e-73b8-11ed-ba7b-84fdd1f90de3,Iron Man 2
TECHNICIAN,3545d2da-73b8-11ed-ba7b-84fdd1f90de3,Iron Man 2
ELON MUSK,3545f408-73b8-11ed-ba7b-84fdd1f90de3,Iron Man 2
PA,354601ba-73b8-11ed-ba7b-84fdd1f90de3,Iron Man 2
NEWS READER,35460b0f-73b8-11ed-ba7b-84fdd1f90de3,Iron Man 2
ANTON VANKO,3546199e-73b8-11ed-ba7b-84fdd1f90de3,Iron Man 2
HAMMER SECURITY GUARD,35468ae0-73b8-11ed-ba7b-84fdd1f90de3,Iron Man 2
ANNOUNCEMENT,35468cf7-73b8-11ed-ba7b-84fdd1f90de3,Iron Man 2
PERSON,3546b845-73b8-11ed-ba7b-84fdd1f90de3,Iron Man 2
PRETTY MUCH EVERYONE IN THE CROWD,3546b8fe-73b8-11ed-ba7b-84fdd1f90de3,Iron Man 2
WOMAN IN CROWD,3546be64-73b8-11ed-ba7b-84fdd1f90de3,Iron Man 2
GOLDSTEIN,3546c0ad-73b8-11ed-ba7b-84fdd1f90de3,Iron Man 2
MAN IN CROWD,3546c44d-73b8-11ed-ba7b-84fdd1f90de3,Iron Man 2
SECOND GUARD,3546c724-73b8-11ed-ba7b-84fdd1f90de3,Iron Man 2
SOMEONE IN BACKGROUND,3546c83e-73b8-11ed-ba7b-84fdd1f90de3,Iron Man 2
PEOPLE,3546da16-73b8-11ed-ba7b-84fdd1f90de3,Iron Man 2
TONY STARK,3544d4dc-73b8-11ed-ba7b-84fdd1f90de3,Iron Man 3
PEPPER POTTS,3544e544-73b8-11ed-ba7b-84fdd1f90de3,Iron Man 3
BRUCE BANNER,3544e5dd-73b8-11ed-ba7b-84fdd1f90de3,Iron Man 3
JAMES RHODES,3544e880-73b8-11ed-ba7b-84fdd1f90de3,Iron Man 3
HAPPY HOGAN,3544ee2b-73b8-11ed-ba7b-84fdd1f90de3,Iron Man 3
JARVIS,3544effd-73b8-11ed-ba7b-84fdd1f90de3,Iron Man 3
MAYA HANSEN,35450337-73b8-11ed-ba7b-84fdd1f90de3,Iron Man 3
ALDRICH KILLIAN,35450737-73b8-11ed-ba7b-84fdd1f90de3,Iron Man 3
HARLEY KEENER,35450b65-73b8-11ed-ba7b-84fdd1f90de3,Iron Man 3
ERIC SAVIN,35452316-73b8-11ed-ba7b-84fdd1f90de3,Iron Man 3
GARY,354525a6-73b8-11ed-ba7b-84fdd1f90de3,Iron Man 3
TREVOR SLATTERY,35452977-73b8-11ed-ba7b-84fdd1f90de3,Iron Man 3
MAN,35452b7b-73b8-11ed-ba7b-84fdd1f90de3,Iron Man 3
THE MANDARIN,35452c10-73b8-11ed-ba7b-84fdd1f90de3,Iron Man 3
PRESIDENT ELLIS,35454e8f-73b8-11ed-ba7b-84fdd1f90de3,Iron Man 3
BRANDT,3545511f-73b8-11ed-ba7b-84fdd1f90de3,Iron Man 3
OFFICER,35455b8c-73b8-11ed-ba7b-84fdd1f90de3,Iron Man 3
WOMAN,3545643c-73b8-11ed-ba7b-84fdd1f90de3,Iron Man 3
GUARD #2,3545699e-73b8-11ed-ba7b-84fdd1f90de3,Iron Man 3
VICE PRESIDENT,35456ceb-73b8-11ed-ba7b-84fdd1f90de3,Iron Man 3
GUARD,3545a772-73b8-11ed-ba7b-84fdd1f90de3,Iron Man 3
MRS. DAVIS,3545aa35-73b8-11ed-ba7b-84fdd1f90de3,Iron Man 3
ANNOUNCER,3545b1b5-73b8-11ed-ba7b-84fdd1f90de3,Iron Man 3
ROSE HILLS SHERIFF,3545b382-73b8-11ed-ba7b-84fdd1f90de3,Iron Man 3
JACK TAGGART,3545bff6-73b8-11ed-ba7b-84fdd1f90de3,Iron Man 3
HO YINSEN,3545d99f-73b8-11ed-ba7b-84fdd1f90de3,Iron Man 3
MILITARY AIDE,3545eb18-73b8-11ed-ba7b-84fdd1f90de3,Iron Man 3
NURSE,3545efa1-73b8-11ed-ba7b-84fdd1f90de3,Iron Man 3
ERIN,3545fd06-73b8-11ed-ba7b-84fdd1f90de3,Iron Man 3
EMCEE,354607d9-73b8-11ed-ba7b-84fdd1f90de3,Iron Man 3
COMPUTER VOICE,35461bb4-73b8-11ed-ba7b-84fdd1f90de3,Iron Man 3
PARTY GUEST,35462452-73b8-11ed-ba7b-84fdd1f90de3,Iron Man 3
GOVERNMENT OFFICIAL #2,354626a7-73b8-11ed-ba7b-84fdd1f90de3,Iron Man 3
GUARD #1,35462753-73b8-11ed-ba7b-84fdd1f90de3,Iron Man 3
OFFICER #2,354633f5-73b8-11ed-ba7b-84fdd1f90de3,Iron Man 3
PEPPER'S ASSISTANT,354634ce-73b8-11ed-ba7b-84fdd1f90de3,Iron Man 3
VANESSA,35463c9b-73b8-11ed-ba7b-84fdd1f90de3,Iron Man 3
HEATHER,3546403b-73b8-11ed-ba7b-84fdd1f90de3,Iron Man 3
BOTH,35464339-73b8-11ed-ba7b-84fdd1f90de3,Iron Man 3
HAPPY'S NURSE,35464b33-73b8-11ed-ba7b-84fdd1f90de3,Iron Man 3
HOSPITAL NEWS REPORTER,3546518f-73b8-11ed-ba7b-84fdd1f90de3,Iron Man 3
JOAN RIVERS,354653eb-73b8-11ed-ba7b-84fdd1f90de3,Iron Man 3
BILL MAHER,35465a4d-73b8-11ed-ba7b-84fdd1f90de3,Iron Man 3
CHAD DAVIS,35465cbf-73b8-11ed-ba7b-84fdd1f90de3,Iron Man 3
LITTLE BOY,354661c4-73b8-11ed-ba7b-84fdd1f90de3,Iron Man 3
NEWS REPORTER #1,3546642d-73b8-11ed-ba7b-84fdd1f90de3,Iron Man 3
CREW,35466558-73b8-11ed-ba7b-84fdd1f90de3,Iron Man 3
PUSHY TABLOID REPORTER,354679b7-73b8-11ed-ba7b-84fdd1f90de3,Iron Man 3
NEWS REPORTER #4,35467c8f-73b8-11ed-ba7b-84fdd1f90de3,Iron Man 3
GOVERNMENT EMPLOYEE,35468807-73b8-11ed-ba7b-84fdd1f90de3,Iron Man 3
GOVERNMENT OFFICIAL #1,354699f1-73b8-11ed-ba7b-84fdd1f90de3,Iron Man 3
NEWS REPORTER #3,35469d68-73b8-11ed-ba7b-84fdd1f90de3,Iron Man 3
MANDARIN LOOK-OUT,3546b444-73b8-11ed-ba7b-84fdd1f90de3,Iron Man 3
NEWS REPORTER #2,3546b599-73b8-11ed-ba7b-84fdd1f90de3,Iron Man 3
ELK RIDGE,3546d070-73b8-11ed-ba7b-84fdd1f90de3,Iron Man 3
ROSE HILL CHRISTMAS TREE SHOPPER,3546e976-73b8-11ed-ba7b-84fdd1f90de3,Iron Man 3
THOMAS RICHARDS,3546eda5-73b8-11ed-ba7b-84fdd1f90de3,Iron Man 3
TONY STARK,3544d4dc-73b8-11ed-ba7b-84fdd1f90de3,Spider-Man: Homecoming
STEVE ROGERS,3544e24c-73b8-11ed-ba7b-84fdd1f90de3,Spider-Man: Homecoming
PETER PARKER,3544e3d8-73b8-11ed-ba7b-84fdd1f90de3,Spider-Man: Homecoming
PEPPER POTTS,3544e544-73b8-11ed-ba7b-84fdd1f90de3,Spider-Man: Homecoming
HAPPY HOGAN,3544ee2b-73b8-11ed-ba7b-84fdd1f90de3,Spider-Man: Homecoming
NED LEEDS,3544f092-73b8-11ed-ba7b-84fdd1f90de3,Spider-Man: Homecoming
ADRIAN TOOMES,3544f589-73b8-11ed-ba7b-84fdd1f90de3,Spider-Man: Homecoming
LIZ TOOMES,3544fe88-73b8-11ed-ba7b-84fdd1f90de3,Spider-Man: Homecoming
KAREN,35450177-73b8-11ed-ba7b-84fdd1f90de3,Spider-Man: Homecoming
MAY PARKER,35450df4-73b8-11ed-ba7b-84fdd1f90de3,Spider-Man: Homecoming
FRIDAY,354510de-73b8-11ed-ba7b-84fdd1f90de3,Spider-Man: Homecoming
PHINEAS MASON,354514af-73b8-11ed-ba7b-84fdd1f90de3,Spider-Man: Homecoming
HERMAN SCHULTZ,35451909-73b8-11ed-ba7b-84fdd1f90de3,Spider-Man: Homecoming
FLASH THOMPSON,35451c9e-73b8-11ed-ba7b-84fdd1f90de3,Spider-Man: Homecoming
AARON DAVIS,35451fd7-73b8-11ed-ba7b-84fdd1f90de3,Spider-Man: Homecoming
MAN,35452b7b-73b8-11ed-ba7b-84fdd1f90de3,Spider-Man: Homecoming
JACKSON BRICE,35452f1d-73b8-11ed-ba7b-84fdd1f90de3,Spider-Man: Homecoming
MR. HARRINGTON,35453245-73b8-11ed-ba7b-84fdd1f90de3,Spider-Man: Homecoming
"MICHELLE ""MJ"" JONES",35453526-73b8-11ed-ba7b-84fdd1f90de3,Spider-Man: Homecoming
STAN LEE,354537a7-73b8-11ed-ba7b-84fdd1f90de3,Spider-Man: Homecoming
DORIS TOOMES,35454b89-73b8-11ed-ba7b-84fdd1f90de3,Spider-Man: Homecoming
CHARLES MURPHY,35455259-73b8-11ed-ba7b-84fdd1f90de3,Spider-Man: Homecoming
MR. DELMAR,35455382-73b8-11ed-ba7b-84fdd1f90de3,Spider-Man: Homecoming
ABRAHAM BROWN,354554e3-73b8-11ed-ba7b-84fdd1f90de3,Spider-Man: Homecoming
BETTY BRANT,35456126-73b8-11ed-ba7b-84fdd1f90de3,Spider-Man: Homecoming
NEWS ANCHOR,35456bec-73b8-11ed-ba7b-84fdd1f90de3,Spider-Man: Homecoming
GUARD,3545a772-73b8-11ed-ba7b-84fdd1f90de3,Spider-Man: Homecoming
CINDY MOON,3545ab88-73b8-11ed-ba7b-84fdd1f90de3,Spider-Man: Homecoming
JASON IONELLO,3545b11a-73b8-11ed-ba7b-84fdd1f90de3,Spider-Man: Homecoming
SECURITY,3545ba84-73b8-11ed-ba7b-84fdd1f90de3,Spider-Man: Homecoming
CROWD,3545c0b3-73b8-11ed-ba7b-84fdd1f90de3,Spider-Man: Homecoming
ANNE MARIE HOAG,3545c468-73b8-11ed-ba7b-84fdd1f90de3,Spider-Man: Homecoming
COACH WILSON,3545c79b-73b8-11ed-ba7b-84fdd1f90de3,Spider-Man: Homecoming
MS. WARREN,3545cc1d-73b8-11ed-ba7b-84fdd1f90de3,Spider-Man: Homecoming
RANDY,3545ccbb-73b8-11ed-ba7b-84fdd1f90de3,Spider-Man: Homecoming
PRINCIPAL MORITA,3545cd52-73b8-11ed-ba7b-84fdd1f90de3,Spider-Man: Homecoming
POLICE,3545ceab-73b8-11ed-ba7b-84fdd1f90de3,Spider-Man: Homecoming
GIRL,3545dbb6-73b8-11ed-ba7b-84fdd1f90de3,Spider-Man: Homecoming
TOUR GUIDE,3545e39e-73b8-11ed-ba7b-84fdd1f90de3,Spider-Man: Homecoming
MODERATOR,3545e6ca-73b8-11ed-ba7b-84fdd1f90de3,Spider-Man: Homecoming
STUDENT,3545ee6f-73b8-11ed-ba7b-84fdd1f90de3,Spider-Man: Homecoming
ROBBER 1,3545f2b2-73b8-11ed-ba7b-84fdd1f90de3,Spider-Man: Homecoming
SALLY AVRIL,3545ffcf-73b8-11ed-ba7b-84fdd1f90de3,Spider-Man: Homecoming
"BRIAN ""TINY"" MCKEEVER",35460121-73b8-11ed-ba7b-84fdd1f90de3,Spider-Man: Homecoming
WORKER,354613a8-73b8-11ed-ba7b-84fdd1f90de3,Spider-Man: Homecoming
STREET VENDOR,35461ea6-73b8-11ed-ba7b-84fdd1f90de3,Spider-Man: Homecoming
PARK RANGER,354623b2-73b8-11ed-ba7b-84fdd1f90de3,Spider-Man: Homecoming
CAR JACKER,354624e9-73b8-11ed-ba7b-84fdd1f90de3,Spider-Man: Homecoming
HISTORY TEACHER,35462c4b-73b8-11ed-ba7b-84fdd1f90de3,Spider-Man: Homecoming
DODC AGENT,3546320a-73b8-11ed-ba7b-84fdd1f90de3,Spider-Man: Homecoming
MARJORIE,3546334f-73b8-11ed-ba7b-84fdd1f90de3,Spider-Man: Homecoming
TECH,3546392f-73b8-11ed-ba7b-84fdd1f90de3,Spider-Man: Homecoming
FBI AGENT 1,35463aa8-73b8-11ed-ba7b-84fdd1f90de3,Spider-Man: Homecoming
THAI WAITER,35463bfd-73b8-11ed-ba7b-84fdd1f90de3,Spider-Man: Homecoming
DELI CLERK,35463f04-73b8-11ed-ba7b-84fdd1f90de3,Spider-Man: Homecoming
STUDENTS,354642a4-73b8-11ed-ba7b-84fdd1f90de3,Spider-Man: Homecoming
DECATHLON TEAM,354647b4-73b8-11ed-ba7b-84fdd1f90de3,Spider-Man: Homecoming
MAC GARGAN,35464fc1-73b8-11ed-ba7b-84fdd1f90de3,Spider-Man: Homecoming
MR. COBBWELL,354657a6-73b8-11ed-ba7b-84fdd1f90de3,Spider-Man: Homecoming
ROBBER 4,35468ba2-73b8-11ed-ba7b-84fdd1f90de3,Spider-Man: Homecoming
DAY SLEEPER,35468f52-73b8-11ed-ba7b-84fdd1f90de3,Spider-Man: Homecoming
FAMILIES,354691c6-73b8-11ed-ba7b-84fdd1f90de3,Spider-Man: Homecoming
MR. HAPGOOD,354693c1-73b8-11ed-ba7b-84fdd1f90de3,Spider-Man: Homecoming
OLD MAN,35469503-73b8-11ed-ba7b-84fdd1f90de3,Spider-Man: Homecoming
VOICEMAIL,35469766-73b8-11ed-ba7b-84fdd1f90de3,Spider-Man: Homecoming
DODC CENTRAL,35469954-73b8-11ed-ba7b-84fdd1f90de3,Spider-Man: Homecoming
RESIDENT 1,35469eb4-73b8-11ed-ba7b-84fdd1f90de3,Spider-Man: Homecoming
ROBBER 2,35469f45-73b8-11ed-ba7b-84fdd1f90de3,Spider-Man: Homecoming
DODC DRIVER,3546a1f1-73b8-11ed-ba7b-84fdd1f90de3,Spider-Man: Homecoming
911 OPERATOR,3546a8ad-73b8-11ed-ba7b-84fdd1f90de3,Spider-Man: Homecoming
SPANISH TEACHER,3546bc07-73b8-11ed-ba7b-84fdd1f90de3,Spider-Man: Homecoming
TOURIST,3546bd36-73b8-11ed-ba7b-84fdd1f90de3,Spider-Man: Homecoming
JASON/BETTY,3546c2e8-73b8-11ed-ba7b-84fdd1f90de3,Spider-Man: Homecoming
RESIDENT 2,3546c696-73b8-11ed-ba7b-84fdd1f90de3,Spider-Man: Homecoming
CHEERLEADER,3546cd1d-73b8-11ed-ba7b-84fdd1f90de3,Spider-Man: Homecoming
FBI AGENT 2,3546d155-73b8-11ed-ba7b-84fdd1f90de3,Spider-Man: Homecoming
FRIEND,3546d255-73b8-11ed-ba7b-84fdd1f90de3,Spider-Man: Homecoming
MALE VOICE,3546d81b-73b8-11ed-ba7b-84fdd1f90de3,Spider-Man: Homecoming
ROBBER 3,3546dd0c-73b8-11ed-ba7b-84fdd1f90de3,Spider-Man: Homecoming
ANNIE,3546e3ef-73b8-11ed-ba7b-84fdd1f90de3,Spider-Man: Homecoming
LIZ/NED,3546e7b3-73b8-11ed-ba7b-84fdd1f90de3,Spider-Man: Homecoming
TENT KIDS,3546ed13-73b8-11ed-ba7b-84fdd1f90de3,Spider-Man: Homecoming
TONY STARK,3544d4dc-73b8-11ed-ba7b-84fdd1f90de3,The Avengers
STEVE ROGERS,3544e24c-73b8-11ed-ba7b-84fdd1f90de3,The Avengers
THOR,3544e332-73b8-11ed-ba7b-84fdd1f90de3,The Avengers
NATASHA ROMANOFF,3544e48e-73b8-11ed-ba7b-84fdd1f90de3,The Avengers
PEPPER POTTS,3544e544-73b8-11ed-ba7b-84fdd1f90de3,The Avengers
BRUCE BANNER,3544e5dd-73b8-11ed-ba7b-84fdd1f90de3,The Avengers
NICK FURY,3544e689-73b8-11ed-ba7b-84fdd1f90de3,The Avengers
LOKI,3544e74e-73b8-11ed-ba7b-84fdd1f90de3,The Avengers
CLINT BARTON,3544eb8e-73b8-11ed-ba7b-84fdd1f90de3,The Avengers
JARVIS,3544effd-73b8-11ed-ba7b-84fdd1f90de3,The Avengers
ERIK SELVIG,3544f126-73b8-11ed-ba7b-84fdd1f90de3,The Avengers
PHIL COULSON,3544f1bc-73b8-11ed-ba7b-84fdd1f90de3,The Avengers
PEGGY CARTER,3544f627-73b8-11ed-ba7b-84fdd1f90de3,The Avengers
MARIA HILL,3544fafe-73b8-11ed-ba7b-84fdd1f90de3,The Avengers
HULK,35450f20-73b8-11ed-ba7b-84fdd1f90de3,The Avengers
SECURITY GUARD,35452e85-73b8-11ed-ba7b-84fdd1f90de3,The Avengers
SHIELD AGENT,354535bc-73b8-11ed-ba7b-84fdd1f90de3,The Avengers
STAN LEE,354537a7-73b8-11ed-ba7b-84fdd1f90de3,The Avengers
COUNCILMAN,35454d5c-73b8-11ed-ba7b-84fdd1f90de3,The Avengers
JAPSER SITWELL,35455058-73b8-11ed-ba7b-84fdd1f90de3,The Avengers
THE OTHER,3545656a-73b8-11ed-ba7b-84fdd1f90de3,The Avengers
INTERCOM VOICE,354566a2-73b8-11ed-ba7b-84fdd1f90de3,The Avengers
GEORGI LUCHKOV,35456e07-73b8-11ed-ba7b-84fdd1f90de3,The Avengers
COUNCILWOMAN,3545a99b-73b8-11ed-ba7b-84fdd1f90de3,The Avengers
PILOT,3545b425-73b8-11ed-ba7b-84fdd1f90de3,The Avengers
REPORTER,3545c14e-73b8-11ed-ba7b-84fdd1f90de3,The Avengers
MALE AGENT,3545d8dc-73b8-11ed-ba7b-84fdd1f90de3,The Avengers
YOUNG GIRL,3545e819-73b8-11ed-ba7b-84fdd1f90de3,The Avengers
POLICE SERGEANT,354604c3-73b8-11ed-ba7b-84fdd1f90de3,The Avengers
CARRIER BRIDGE TECH 1,354606a7-73b8-11ed-ba7b-84fdd1f90de3,The Avengers
SHIELD WORKER,3546167e-73b8-11ed-ba7b-84fdd1f90de3,The Avengers
JET PILOT,35461b14-73b8-11ed-ba7b-84fdd1f90de3,The Avengers
YOUNG COP,35462103-73b8-11ed-ba7b-84fdd1f90de3,The Avengers
FEMALE CARRIER BRIDGE TECH,3546257e-73b8-11ed-ba7b-84fdd1f90de3,The Avengers
GERMAN OLD MAN,35462614-73b8-11ed-ba7b-84fdd1f90de3,The Avengers
WAITRESS,3546534e-73b8-11ed-ba7b-84fdd1f90de3,The Avengers
MALE REPORTER,35465511-73b8-11ed-ba7b-84fdd1f90de3,The Avengers
THE SENATOR,354655b1-73b8-11ed-ba7b-84fdd1f90de3,The Avengers
MALE CITIZEN,354662e8-73b8-11ed-ba7b-84fdd1f90de3,The Avengers
NOVAR,35466a12-73b8-11ed-ba7b-84fdd1f90de3,The Avengers
HUSBAND,3546805d-73b8-11ed-ba7b-84fdd1f90de3,The Avengers
SHIELD ENGINEER,354682ba-73b8-11ed-ba7b-84fdd1f90de3,The Avengers
WIFE,354683f0-73b8-11ed-ba7b-84fdd1f90de3,The Avengers
CALCUTTA WOMAN,35468646-73b8-11ed-ba7b-84fdd1f90de3,The Avengers
FACELESS PILOT,35468775-73b8-11ed-ba7b-84fdd1f90de3,The Avengers
OFF SCREEN WORKER,35469468-73b8-11ed-ba7b-84fdd1f90de3,The Avengers
SCIENTIST,354696d0-73b8-11ed-ba7b-84fdd1f90de3,The Avengers
FEMALE CITIZEN,3546a323-73b8-11ed-ba7b-84fdd1f90de3,The Avengers
HELICARRIER INTERCOM,3546a3b9-73b8-11ed-ba7b-84fdd1f90de3,The Avengers
YOUNG SHIELD PILOT,3546a7b2-73b8-11ed-ba7b-84fdd1f90de3,The Avengers
COUNCILMAN 2,3546ad72-73b8-11ed-ba7b-84fdd1f90de3,The Avengers
NASA SCIENTIST,3546b503-73b8-11ed-ba7b-84fdd1f90de3,The Avengers
WEASELLY THUG,3546c9b4-73b8-11ed-ba7b-84fdd1f90de3,The Avengers
MAINTENANCE GUY,3546d727-73b8-11ed-ba7b-84fdd1f90de3,The Avengers
THOR,3544e332-73b8-11ed-ba7b-84fdd1f90de3,Thor
LOKI,3544e74e-73b8-11ed-ba7b-84fdd1f90de3,Thor
JANE FOSTER,3544ea4d-73b8-11ed-ba7b-84fdd1f90de3,Thor
CLINT BARTON,3544eb8e-73b8-11ed-ba7b-84fdd1f90de3,Thor
ODIN,3544ef56-73b8-11ed-ba7b-84fdd1f90de3,Thor
ERIK SELVIG,3544f126-73b8-11ed-ba7b-84fdd1f90de3,Thor
PHIL COULSON,3544f1bc-73b8-11ed-ba7b-84fdd1f90de3,Thor
DARCY LEWIS,3544f4f5-73b8-11ed-ba7b-84fdd1f90de3,Thor
VOLSTAGG,3544fd5d-73b8-11ed-ba7b-84fdd1f90de3,Thor
FRIGGA,35450045-73b8-11ed-ba7b-84fdd1f90de3,Thor
SIF,3545045f-73b8-11ed-ba7b-84fdd1f90de3,Thor
FANDRAL,3545086d-73b8-11ed-ba7b-84fdd1f90de3,Thor
HEIMDALL,35450ad0-73b8-11ed-ba7b-84fdd1f90de3,Thor
LAUFEY,354526d7-73b8-11ed-ba7b-84fdd1f90de3,Thor
HOGUN,354533f8-73b8-11ed-ba7b-84fdd1f90de3,Thor
SHIELD AGENT,354535bc-73b8-11ed-ba7b-84fdd1f90de3,Thor
JAPSER SITWELL,35455058-73b8-11ed-ba7b-84fdd1f90de3,Thor
ADMISSIONS NURSE,35456259-73b8-11ed-ba7b-84fdd1f90de3,Thor
DRUNK TOWNIE JAKE,3545afd1-73b8-11ed-ba7b-84fdd1f90de3,Thor
EINHERJAR GUARD,3545b6c1-73b8-11ed-ba7b-84fdd1f90de3,Thor
ISABELA,3545b8b4-73b8-11ed-ba7b-84fdd1f90de3,Thor
TECHIE,3545dec3-73b8-11ed-ba7b-84fdd1f90de3,Thor
DRUNK TOWNIE,3545e2fe-73b8-11ed-ba7b-84fdd1f90de3,Thor
TOWNIE PETE,3545ebce-73b8-11ed-ba7b-84fdd1f90de3,Thor
NURSE,3545efa1-73b8-11ed-ba7b-84fdd1f90de3,Thor
AGENT CALE,3545f4a4-73b8-11ed-ba7b-84fdd1f90de3,Thor
AGENT GARRETT,3545fa12-73b8-11ed-ba7b-84fdd1f90de3,Thor
THOR/SELVIG,354650ed-73b8-11ed-ba7b-84fdd1f90de3,Thor
LIBRARIAN,35465229-73b8-11ed-ba7b-84fdd1f90de3,Thor
AGENT JACKSON,35467ac8-73b8-11ed-ba7b-84fdd1f90de3,Thor
PET STORE CLERK,35468192-73b8-11ed-ba7b-84fdd1f90de3,Thor
EAGER TOWNIE,3546907e-73b8-11ed-ba7b-84fdd1f90de3,Thor
ORDERLY,3546959e-73b8-11ed-ba7b-84fdd1f90de3,Thor
JOTUN SENTRY,35469a83-73b8-11ed-ba7b-84fdd1f90de3,Thor
JOTUN,3546a469-73b8-11ed-ba7b-84fdd1f90de3,Thor
JOTUN VOICE,3546d62f-73b8-11ed-ba7b-84fdd1f90de3,Thor
TOWNIE,3546e03f-73b8-11ed-ba7b-84fdd1f90de3,Thor
VOLSTAGG / HOGUN,3546e0d5-73b8-11ed-ba7b-84fdd1f90de3,Thor
AGENT DELANCEY,3546e359-73b8-11ed-ba7b-84fdd1f90de3,Thor
THOR,3544e332-73b8-11ed-ba7b-84fdd1f90de3,Thor: Ragnarok
NATASHA ROMANOFF,3544e48e-73b8-11ed-ba7b-84fdd1f90de3,Thor: Ragnarok
BRUCE BANNER,3544e5dd-73b8-11ed-ba7b-84fdd1f90de3,Thor: Ragnarok
LOKI,3544e74e-73b8-11ed-ba7b-84fdd1f90de3,Thor: Ragnarok
ODIN,3544ef56-73b8-11ed-ba7b-84fdd1f90de3,Thor: Ragnarok
VALKYRIE,3544f7ed-73b8-11ed-ba7b-84fdd1f90de3,Thor: Ragnarok
STEPHEN STRANGE,3544fc2b-73b8-11ed-ba7b-84fdd1f90de3,Thor: Ragnarok
VOLSTAGG,3544fd5d-73b8-11ed-ba7b-84fdd1f90de3,Thor: Ragnarok
HEIMDALL,35450ad0-73b8-11ed-ba7b-84fdd1f90de3,Thor: Ragnarok
HULK,35450f20-73b8-11ed-ba7b-84fdd1f90de3,Thor: Ragnarok
GRANDMASTER,35451235-73b8-11ed-ba7b-84fdd1f90de3,Thor: Ragnarok
HELA,3545169d-73b8-11ed-ba7b-84fdd1f90de3,Thor: Ragnarok
KORG,35451871-73b8-11ed-ba7b-84fdd1f90de3,Thor: Ragnarok
SKURGE,35453054-73b8-11ed-ba7b-84fdd1f90de3,Thor: Ragnarok
HOGUN,354533f8-73b8-11ed-ba7b-84fdd1f90de3,Thor: Ragnarok
SURTUR,354536f3-73b8-11ed-ba7b-84fdd1f90de3,Thor: Ragnarok
STAN LEE,354537a7-73b8-11ed-ba7b-84fdd1f90de3,Thor: Ragnarok
ACTOR THOR,35454c21-73b8-11ed-ba7b-84fdd1f90de3,Thor: Ragnarok
ACTOR LOKI,35454f26-73b8-11ed-ba7b-84fdd1f90de3,Thor: Ragnarok
TOPAZ,3545544c-73b8-11ed-ba7b-84fdd1f90de3,Thor: Ragnarok
QUINJET,3545586c-73b8-11ed-ba7b-84fdd1f90de3,Thor: Ragnarok
CROWD,3545c0b3-73b8-11ed-ba7b-84fdd1f90de3,Thor: Ragnarok
LEAD SCRAPPER,3545f54e-73b8-11ed-ba7b-84fdd1f90de3,Thor: Ragnarok
SOOTHING VOICE,3546025a-73b8-11ed-ba7b-84fdd1f90de3,Thor: Ragnarok
COLLEGE GIRL 1,35461f39-73b8-11ed-ba7b-84fdd1f90de3,Thor: Ragnarok
WARDEN,35462a8b-73b8-11ed-ba7b-84fdd1f90de3,Thor: Ragnarok
COLLEGE GIRL 2,354630ab-73b8-11ed-ba7b-84fdd1f90de3,Thor: Ragnarok
COUSIN CARLO,3546315a-73b8-11ed-ba7b-84fdd1f90de3,Thor: Ragnarok
ACTOR ODIN,35464f25-73b8-11ed-ba7b-84fdd1f90de3,Thor: Ragnarok
ASGARDIAN MAN,35468e26-73b8-11ed-ba7b-84fdd1f90de3,Thor: Ragnarok
SCRAPPER,3546a50d-73b8-11ed-ba7b-84fdd1f90de3,Thor: Ragnarok
ASGARDIAN WOMAN,3546ab6f-73b8-11ed-ba7b-84fdd1f90de3,Thor: Ragnarok
ACTOR SIF,3546cad7-73b8-11ed-ba7b-84fdd1f90de3,Thor: Ragnarok
ASGARDIAN CITIZENS,3546cb66-73b8-11ed-ba7b-84fdd1f90de3,Thor: Ragnarok
THOR / BANNER,3546ee57-73b8-11ed-ba7b-84fdd1f90de3,Thor: Ragnarok
THOR,3544e332-73b8-11ed-ba7b-84fdd1f90de3,Thor: The Dark World
LOKI,3544e74e-73b8-11ed-ba7b-84fdd1f90de3,Thor: The Dark World
JANE FOSTER,3544ea4d-73b8-11ed-ba7b-84fdd1f90de3,Thor: The Dark World
ODIN,3544ef56-73b8-11ed-ba7b-84fdd1f90de3,Thor: The Dark World
ERIK SELVIG,3544f126-73b8-11ed-ba7b-84fdd1f90de3,Thor: The Dark World
DARCY LEWIS,3544f4f5-73b8-11ed-ba7b-84fdd1f90de3,Thor: The Dark World
VOLSTAGG,3544fd5d-73b8-11ed-ba7b-84fdd1f90de3,Thor: The Dark World
FRIGGA,35450045-73b8-11ed-ba7b-84fdd1f90de3,Thor: The Dark World
SIF,3545045f-73b8-11ed-ba7b-84fdd1f90de3,Thor: The Dark World
FANDRAL,3545086d-73b8-11ed-ba7b-84fdd1f90de3,Thor: The Dark World
HEIMDALL,35450ad0-73b8-11ed-ba7b-84fdd1f90de3,Thor: The Dark World
MALEKITH,35451b6a-73b8-11ed-ba7b-84fdd1f90de3,Thor: The Dark World
RICHARD,35451f3f-73b8-11ed-ba7b-84fdd1f90de3,Thor: The Dark World
IAN BOOTHBY,3545206c-73b8-11ed-ba7b-84fdd1f90de3,Thor: The Dark World
MAN,35452b7b-73b8-11ed-ba7b-84fdd1f90de3,Thor: The Dark World
HOGUN,354533f8-73b8-11ed-ba7b-84fdd1f90de3,Thor: The Dark World
NEWS REPORTER,3545598e-73b8-11ed-ba7b-84fdd1f90de3,Thor: The Dark World
THE COLLECTOR,35455a5c-73b8-11ed-ba7b-84fdd1f90de3,Thor: The Dark World
ALGRIM,354567df-73b8-11ed-ba7b-84fdd1f90de3,Thor: The Dark World
GUARD,3545a772-73b8-11ed-ba7b-84fdd1f90de3,Thor: The Dark World
PILOT,3545b425-73b8-11ed-ba7b-84fdd1f90de3,Thor: The Dark World
EINHERJAR GUARD,3545b6c1-73b8-11ed-ba7b-84fdd1f90de3,Thor: The Dark World
EIR,3545dc57-73b8-11ed-ba7b-84fdd1f90de3,Thor: The Dark World
DESK OFFICER,3545e8b4-73b8-11ed-ba7b-84fdd1f90de3,Thor: The Dark World
POLICE OFFICER #1,3545edd1-73b8-11ed-ba7b-84fdd1f90de3,Thor: The Dark World
STUDENT,3545ee6f-73b8-11ed-ba7b-84fdd1f90de3,Thor: The Dark World
POLICE OFFICER #2,3545f708-73b8-11ed-ba7b-84fdd1f90de3,Thor: The Dark World
MADDIE,3545f96f-73b8-11ed-ba7b-84fdd1f90de3,Thor: The Dark World
CONTROL,354611c8-73b8-11ed-ba7b-84fdd1f90de3,Thor: The Dark World
CARINA,35461a78-73b8-11ed-ba7b-84fdd1f90de3,Thor: The Dark World
EINHERJAR LIEUTENANT,35461c49-73b8-11ed-ba7b-84fdd1f90de3,Thor: The Dark World
GUARDS,35462258-73b8-11ed-ba7b-84fdd1f90de3,Thor: The Dark World
IAN,35462316-73b8-11ed-ba7b-84fdd1f90de3,Thor: The Dark World
WOMAN ON TRAIN,35463d33-73b8-11ed-ba7b-84fdd1f90de3,Thor: The Dark World
NAVID,354644fc-73b8-11ed-ba7b-84fdd1f90de3,Thor: The Dark World
STONEHENGE TV NEWS REPORTER,35464e8d-73b8-11ed-ba7b-84fdd1f90de3,Thor: The Dark World
BOR,35465ae0-73b8-11ed-ba7b-84fdd1f90de3,Thor: The Dark World
ASGARDIAN NURSE,35465fe2-73b8-11ed-ba7b-84fdd1f90de3,Thor: The Dark World
ASGARDIAN EINHERJAR,35468d90-73b8-11ed-ba7b-84fdd1f90de3,Thor: The Dark World
PATIENT,35469630-73b8-11ed-ba7b-84fdd1f90de3,Thor: The Dark World
KURSE,35469c37-73b8-11ed-ba7b-84fdd1f90de3,Thor: The Dark World
