id,label
3544d4dc-73b8-11ed-ba7b-84fdd1f90de3,TONY STARK
3544e24c-73b8-11ed-ba7b-84fdd1f90de3,STEVE ROGERS
3544e332-73b8-11ed-ba7b-84fdd1f90de3,THOR
3544e3d8-73b8-11ed-ba7b-84fdd1f90de3,PETER PARKER
3544e48e-73b8-11ed-ba7b-84fdd1f90de3,NATASHA ROMANOFF
3544e544-73b8-11ed-ba7b-84fdd1f90de3,PEPPER POTTS
3544e5dd-73b8-11ed-ba7b-84fdd1f90de3,BRUCE BANNER
3544e689-73b8-11ed-ba7b-84fdd1f90de3,NICK FURY
3544e74e-73b8-11ed-ba7b-84fdd1f90de3,LOKI
3544e7ea-73b8-11ed-ba7b-84fdd1f90de3,SCOTT LANG
3544e880-73b8-11ed-ba7b-84fdd1f90de3,JAMES RHODES
3544e922-73b8-11ed-ba7b-84fdd1f90de3,PETER QUILL
3544e9b8-73b8-11ed-ba7b-84fdd1f90de3,CAROL DANVERS
3544ea4d-73b8-11ed-ba7b-84fdd1f90de3,JANE FOSTER
3544eaf0-73b8-11ed-ba7b-84fdd1f90de3,ROCKET
3544eb8e-73b8-11ed-ba7b-84fdd1f90de3,CLINT BARTON
3544ec52-73b8-11ed-ba7b-84fdd1f90de3,SAM WILSON
3544ece9-73b8-11ed-ba7b-84fdd1f90de3,GAMORA
3544ed7f-73b8-11ed-ba7b-84fdd1f90de3,T'CHALLA
3544ee2b-73b8-11ed-ba7b-84fdd1f90de3,HAPPY HOGAN
3544eec0-73b8-11ed-ba7b-84fdd1f90de3,HANK PYM
3544ef56-73b8-11ed-ba7b-84fdd1f90de3,ODIN
3544effd-73b8-11ed-ba7b-84fdd1f90de3,JARVIS
3544f092-73b8-11ed-ba7b-84fdd1f90de3,NED LEEDS
3544f126-73b8-11ed-ba7b-84fdd1f90de3,ERIK SELVIG
3544f1bc-73b8-11ed-ba7b-84fdd1f90de3,PHIL COULSON
3544f252-73b8-11ed-ba7b-84fdd1f90de3,BUCKY BARNES
3544f2e6-73b8-11ed-ba7b-84fdd1f90de3,THANOS
3544f37b-73b8-11ed-ba7b-84fdd1f90de3,DRAX
3544f457-73b8-11ed-ba7b-84fdd1f90de3,WANDA MAXIMOFF
3544f4f5-73b8-11ed-ba7b-84fdd1f90de3,DARCY LEWIS
3544f589-73b8-11ed-ba7b-84fdd1f90de3,ADRIAN TOOMES
3544f627-73b8-11ed-ba7b-84fdd1f90de3,PEGGY CARTER
3544f6bb-73b8-11ed-ba7b-84fdd1f90de3,SHURI
3544f750-73b8-11ed-ba7b-84fdd1f90de3,HOPE VAN DYNE
3544f7ed-73b8-11ed-ba7b-84fdd1f90de3,VALKYRIE
3544f8b2-73b8-11ed-ba7b-84fdd1f90de3,LUIS
3544f94c-73b8-11ed-ba7b-84fdd1f90de3,JUSTIN HAMMER
3544fa53-73b8-11ed-ba7b-84fdd1f90de3,ULTRON
3544fafe-73b8-11ed-ba7b-84fdd1f90de3,MARIA HILL
3544fb96-73b8-11ed-ba7b-84fdd1f90de3,NEBULA
3544fc2b-73b8-11ed-ba7b-84fdd1f90de3,STEPHEN STRANGE
3544fcbf-73b8-11ed-ba7b-84fdd1f90de3,VISION
3544fd5d-73b8-11ed-ba7b-84fdd1f90de3,VOLSTAGG
3544fdf3-73b8-11ed-ba7b-84fdd1f90de3,NAKIA
3544fe88-73b8-11ed-ba7b-84fdd1f90de3,LIZ TOOMES
3544ff1f-73b8-11ed-ba7b-84fdd1f90de3,YON-ROGG
3544ffb2-73b8-11ed-ba7b-84fdd1f90de3,YONDU
35450045-73b8-11ed-ba7b-84fdd1f90de3,FRIGGA
354500da-73b8-11ed-ba7b-84fdd1f90de3,OKOYE
35450177-73b8-11ed-ba7b-84fdd1f90de3,KAREN
3545020e-73b8-11ed-ba7b-84fdd1f90de3,MANTIS
354502a3-73b8-11ed-ba7b-84fdd1f90de3,EVERETT ROSS
35450337-73b8-11ed-ba7b-84fdd1f90de3,MAYA HANSEN
354503cc-73b8-11ed-ba7b-84fdd1f90de3,HOWARD STARK
3545045f-73b8-11ed-ba7b-84fdd1f90de3,SIF
35450511-73b8-11ed-ba7b-84fdd1f90de3,ALEXANDER PIERCE
354505d9-73b8-11ed-ba7b-84fdd1f90de3,COL. CHESTER PHILLIPS
35450692-73b8-11ed-ba7b-84fdd1f90de3,TALOS
35450737-73b8-11ed-ba7b-84fdd1f90de3,ALDRICH KILLIAN
354507d5-73b8-11ed-ba7b-84fdd1f90de3,EGO
3545086d-73b8-11ed-ba7b-84fdd1f90de3,FANDRAL
35450904-73b8-11ed-ba7b-84fdd1f90de3,RED SKULL
354509a3-73b8-11ed-ba7b-84fdd1f90de3,DARREN CROSS
35450a3c-73b8-11ed-ba7b-84fdd1f90de3,N'JADAKA (KILLMONGER)
35450ad0-73b8-11ed-ba7b-84fdd1f90de3,HEIMDALL
35450b65-73b8-11ed-ba7b-84fdd1f90de3,HARLEY KEENER
35450c03-73b8-11ed-ba7b-84fdd1f90de3,OBADIAH STANE
35450cbd-73b8-11ed-ba7b-84fdd1f90de3,"JAMES ""JIM"" PAXTON"
35450d56-73b8-11ed-ba7b-84fdd1f90de3,BROCK RUMLOW
35450df4-73b8-11ed-ba7b-84fdd1f90de3,MAY PARKER
35450e8c-73b8-11ed-ba7b-84fdd1f90de3,MARIA RAMBEAU
35450f20-73b8-11ed-ba7b-84fdd1f90de3,HULK
35450fb4-73b8-11ed-ba7b-84fdd1f90de3,DR. ARNIM ZOLA
35451049-73b8-11ed-ba7b-84fdd1f90de3,YINSEN
354510de-73b8-11ed-ba7b-84fdd1f90de3,FRIDAY
3545118e-73b8-11ed-ba7b-84fdd1f90de3,ULYSSES KLAUE
35451235-73b8-11ed-ba7b-84fdd1f90de3,GRANDMASTER
354512d0-73b8-11ed-ba7b-84fdd1f90de3,SHARON CARTER
3545137e-73b8-11ed-ba7b-84fdd1f90de3,DR. ABRAHAM ERSKINE
35451417-73b8-11ed-ba7b-84fdd1f90de3,IVAN VANKO
354514af-73b8-11ed-ba7b-84fdd1f90de3,PHINEAS MASON
35451544-73b8-11ed-ba7b-84fdd1f90de3,SENATOR STERN
354515d8-73b8-11ed-ba7b-84fdd1f90de3,DAVE
3545169d-73b8-11ed-ba7b-84fdd1f90de3,HELA
3545173b-73b8-11ed-ba7b-84fdd1f90de3,HELMUT ZEMO
354517d4-73b8-11ed-ba7b-84fdd1f90de3,CHRISTINE EVERHART
35451871-73b8-11ed-ba7b-84fdd1f90de3,KORG
35451909-73b8-11ed-ba7b-84fdd1f90de3,HERMAN SCHULTZ
354519a0-73b8-11ed-ba7b-84fdd1f90de3,KURT
35451a35-73b8-11ed-ba7b-84fdd1f90de3,CASSIE LANG
35451ad3-73b8-11ed-ba7b-84fdd1f90de3,SECRETARY ROSS
35451b6a-73b8-11ed-ba7b-84fdd1f90de3,MALEKITH
35451c00-73b8-11ed-ba7b-84fdd1f90de3,PIETRO MAXIMOFF
35451c9e-73b8-11ed-ba7b-84fdd1f90de3,FLASH THOMPSON
35451d38-73b8-11ed-ba7b-84fdd1f90de3,GROOT
35451de5-73b8-11ed-ba7b-84fdd1f90de3,EBONY MAW
35451e99-73b8-11ed-ba7b-84fdd1f90de3,M'BAKU
35451f3f-73b8-11ed-ba7b-84fdd1f90de3,RICHARD
35451fd7-73b8-11ed-ba7b-84fdd1f90de3,AARON DAVIS
3545206c-73b8-11ed-ba7b-84fdd1f90de3,IAN BOOTHBY
35452149-73b8-11ed-ba7b-84fdd1f90de3,JASPER SITWELL
354521e8-73b8-11ed-ba7b-84fdd1f90de3,ZURI
3545227f-73b8-11ed-ba7b-84fdd1f90de3,RAMONDA
35452316-73b8-11ed-ba7b-84fdd1f90de3,ERIC SAVIN
354523ce-73b8-11ed-ba7b-84fdd1f90de3,BAD NEBULA
3545246c-73b8-11ed-ba7b-84fdd1f90de3,W'KABI
3545250c-73b8-11ed-ba7b-84fdd1f90de3,WENDY LAWSON
354525a6-73b8-11ed-ba7b-84fdd1f90de3,GARY
3545263d-73b8-11ed-ba7b-84fdd1f90de3,MAJOR ALLEN
354526d7-73b8-11ed-ba7b-84fdd1f90de3,LAUFEY
3545276d-73b8-11ed-ba7b-84fdd1f90de3,MONICA RAMBEAU
3545283a-73b8-11ed-ba7b-84fdd1f90de3,N'JOBU
354528db-73b8-11ed-ba7b-84fdd1f90de3,LAURA BARTON
35452977-73b8-11ed-ba7b-84fdd1f90de3,TREVOR SLATTERY
35452a1b-73b8-11ed-ba7b-84fdd1f90de3,TASERFACE
35452ade-73b8-11ed-ba7b-84fdd1f90de3,DR. HELEN CHO
35452b7b-73b8-11ed-ba7b-84fdd1f90de3,MAN
35452c10-73b8-11ed-ba7b-84fdd1f90de3,THE MANDARIN
35452cae-73b8-11ed-ba7b-84fdd1f90de3,AYESHA
35452d51-73b8-11ed-ba7b-84fdd1f90de3,ANCIENT ONE
35452de8-73b8-11ed-ba7b-84fdd1f90de3,BARON WOLFGANG VON STRUCKER
35452e85-73b8-11ed-ba7b-84fdd1f90de3,SECURITY GUARD
35452f1d-73b8-11ed-ba7b-84fdd1f90de3,JACKSON BRICE
35452fb3-73b8-11ed-ba7b-84fdd1f90de3,T'CHAKA
35453054-73b8-11ed-ba7b-84fdd1f90de3,SKURGE
3545310b-73b8-11ed-ba7b-84fdd1f90de3,KRAGLIN
354531af-73b8-11ed-ba7b-84fdd1f90de3,EITRI
35453245-73b8-11ed-ba7b-84fdd1f90de3,MR. HARRINGTON
35453368-73b8-11ed-ba7b-84fdd1f90de3,MAGGIE LANG
354533f8-73b8-11ed-ba7b-84fdd1f90de3,HOGUN
35453488-73b8-11ed-ba7b-84fdd1f90de3,SUPREME INTELLIGENCE
35453526-73b8-11ed-ba7b-84fdd1f90de3,"MICHELLE ""MJ"" JONES"
354535bc-73b8-11ed-ba7b-84fdd1f90de3,SHIELD AGENT
35453654-73b8-11ed-ba7b-84fdd1f90de3,FURY'S CAR
354536f3-73b8-11ed-ba7b-84fdd1f90de3,SURTUR
354537a7-73b8-11ed-ba7b-84fdd1f90de3,STAN LEE
35453845-73b8-11ed-ba7b-84fdd1f90de3,DIRECTOR
354538df-73b8-11ed-ba7b-84fdd1f90de3,MORGAN STARK
35454922-73b8-11ed-ba7b-84fdd1f90de3,SHIELD COMPUTER
35454a3f-73b8-11ed-ba7b-84fdd1f90de3,RAZA
35454ae1-73b8-11ed-ba7b-84fdd1f90de3,MINN-ERVA
35454b89-73b8-11ed-ba7b-84fdd1f90de3,DORIS TOOMES
35454c21-73b8-11ed-ba7b-84fdd1f90de3,ACTOR THOR
35454cb6-73b8-11ed-ba7b-84fdd1f90de3,SENATOR BRANDT
35454d5c-73b8-11ed-ba7b-84fdd1f90de3,COUNCILMAN
35454df6-73b8-11ed-ba7b-84fdd1f90de3,WONG
35454e8f-73b8-11ed-ba7b-84fdd1f90de3,PRESIDENT ELLIS
35454f26-73b8-11ed-ba7b-84fdd1f90de3,ACTOR LOKI
35454fc2-73b8-11ed-ba7b-84fdd1f90de3,DALE
35455058-73b8-11ed-ba7b-84fdd1f90de3,JAPSER SITWELL
3545511f-73b8-11ed-ba7b-84fdd1f90de3,BRANDT
354551b9-73b8-11ed-ba7b-84fdd1f90de3,KORATH
35455259-73b8-11ed-ba7b-84fdd1f90de3,CHARLES MURPHY
354552f0-73b8-11ed-ba7b-84fdd1f90de3,DUM DUM DUGAN
35455382-73b8-11ed-ba7b-84fdd1f90de3,MR. DELMAR
3545544c-73b8-11ed-ba7b-84fdd1f90de3,TOPAZ
354554e3-73b8-11ed-ba7b-84fdd1f90de3,ABRAHAM BROWN
3545557a-73b8-11ed-ba7b-84fdd1f90de3,STAKAR
3545560c-73b8-11ed-ba7b-84fdd1f90de3,COUNCILMAN ROCKWELL
354556ab-73b8-11ed-ba7b-84fdd1f90de3,MITCHELL CARSON
35455741-73b8-11ed-ba7b-84fdd1f90de3,RONAN
354557d4-73b8-11ed-ba7b-84fdd1f90de3,VASILY KARPOV
3545586c-73b8-11ed-ba7b-84fdd1f90de3,QUINJET
354558fe-73b8-11ed-ba7b-84fdd1f90de3,GENERAL GABRIEL
3545598e-73b8-11ed-ba7b-84fdd1f90de3,NEWS REPORTER
35455a5c-73b8-11ed-ba7b-84fdd1f90de3,THE COLLECTOR
35455af6-73b8-11ed-ba7b-84fdd1f90de3,GABE JONES
35455b8c-73b8-11ed-ba7b-84fdd1f90de3,OFFICER
35455c26-73b8-11ed-ba7b-84fdd1f90de3,POLICE OFFICER
35455cbc-73b8-11ed-ba7b-84fdd1f90de3,VIPER 1
35455d4f-73b8-11ed-ba7b-84fdd1f90de3,MUSEUM DIRECTOR
35455deb-73b8-11ed-ba7b-84fdd1f90de3,DR. LIST
35455e80-73b8-11ed-ba7b-84fdd1f90de3,DOCTOR
35455f38-73b8-11ed-ba7b-84fdd1f90de3,A1 STEVE
35455fd3-73b8-11ed-ba7b-84fdd1f90de3,JIM MORITA
3545608f-73b8-11ed-ba7b-84fdd1f90de3,SKRULL SCIENTIST
35456126-73b8-11ed-ba7b-84fdd1f90de3,BETTY BRANT
354561bb-73b8-11ed-ba7b-84fdd1f90de3,JAMES MONTGOMERY FALSWORTH
35456259-73b8-11ed-ba7b-84fdd1f90de3,ADMISSIONS NURSE
35456311-73b8-11ed-ba7b-84fdd1f90de3,PROXIMA MIDNIGHT
354563a6-73b8-11ed-ba7b-84fdd1f90de3,GRIOT
3545643c-73b8-11ed-ba7b-84fdd1f90de3,WOMAN
354564d7-73b8-11ed-ba7b-84fdd1f90de3,BRON-CHAR
3545656a-73b8-11ed-ba7b-84fdd1f90de3,THE OTHER
35456602-73b8-11ed-ba7b-84fdd1f90de3,YOUNG T'CHAKA
354566a2-73b8-11ed-ba7b-84fdd1f90de3,INTERCOM VOICE
35456744-73b8-11ed-ba7b-84fdd1f90de3,GENERAL
354567df-73b8-11ed-ba7b-84fdd1f90de3,ALGRIM
35456879-73b8-11ed-ba7b-84fdd1f90de3,TOWER KEEPER
3545690a-73b8-11ed-ba7b-84fdd1f90de3,MARSHAL
3545699e-73b8-11ed-ba7b-84fdd1f90de3,GUARD #2
35456a35-73b8-11ed-ba7b-84fdd1f90de3,4F DOCTOR
35456b12-73b8-11ed-ba7b-84fdd1f90de3,USO SINGER
35456bec-73b8-11ed-ba7b-84fdd1f90de3,NEWS ANCHOR
35456ceb-73b8-11ed-ba7b-84fdd1f90de3,VICE PRESIDENT
35456e07-73b8-11ed-ba7b-84fdd1f90de3,GEORGI LUCHKOV
35456eef-73b8-11ed-ba7b-84fdd1f90de3,VIPER 2
3545a5ad-73b8-11ed-ba7b-84fdd1f90de3,GERMAN INNKEEPER
3545a772-73b8-11ed-ba7b-84fdd1f90de3,GUARD
3545a846-73b8-11ed-ba7b-84fdd1f90de3,SHIELD LIEUTENANT
3545a99b-73b8-11ed-ba7b-84fdd1f90de3,COUNCILWOMAN
3545aa35-73b8-11ed-ba7b-84fdd1f90de3,MRS. DAVIS
3545aaee-73b8-11ed-ba7b-84fdd1f90de3,SHIELD TECH
3545ab88-73b8-11ed-ba7b-84fdd1f90de3,CINDY MOON
3545ac20-73b8-11ed-ba7b-84fdd1f90de3,COMPUTER
3545acd7-73b8-11ed-ba7b-84fdd1f90de3,FRENCH PIRATE #1
3545ad73-73b8-11ed-ba7b-84fdd1f90de3,ABU
3545ae0b-73b8-11ed-ba7b-84fdd1f90de3,MARIA STARK
3545aea3-73b8-11ed-ba7b-84fdd1f90de3,SEARCH TEAM LEADER
3545af3c-73b8-11ed-ba7b-84fdd1f90de3,BRANDT’S AIDE
3545afd1-73b8-11ed-ba7b-84fdd1f90de3,DRUNK TOWNIE JAKE
3545b068-73b8-11ed-ba7b-84fdd1f90de3,YOUNG TONY STARK
3545b11a-73b8-11ed-ba7b-84fdd1f90de3,JASON IONELLO
3545b1b5-73b8-11ed-ba7b-84fdd1f90de3,ANNOUNCER
3545b2a0-73b8-11ed-ba7b-84fdd1f90de3,PVT. LORRAINE
3545b382-73b8-11ed-ba7b-84fdd1f90de3,ROSE HILLS SHERIFF
3545b425-73b8-11ed-ba7b-84fdd1f90de3,PILOT
3545b4c5-73b8-11ed-ba7b-84fdd1f90de3,MEREDITH QUILL
3545b561-73b8-11ed-ba7b-84fdd1f90de3,TOM
3545b6c1-73b8-11ed-ba7b-84fdd1f90de3,EINHERJAR GUARD
3545b76b-73b8-11ed-ba7b-84fdd1f90de3,A1 THOR
3545b80c-73b8-11ed-ba7b-84fdd1f90de3,AGENT
3545b8b4-73b8-11ed-ba7b-84fdd1f90de3,ISABELA
3545b94d-73b8-11ed-ba7b-84fdd1f90de3,CHARLIE WEAPONS TECH
3545b9e7-73b8-11ed-ba7b-84fdd1f90de3,ATT-LASS
3545ba84-73b8-11ed-ba7b-84fdd1f90de3,SECURITY
3545bb35-73b8-11ed-ba7b-84fdd1f90de3,COLLECTOR
3545bbd1-73b8-11ed-ba7b-84fdd1f90de3,JACK
3545bc6f-73b8-11ed-ba7b-84fdd1f90de3,MINING TRIBE ELDER
3545bd36-73b8-11ed-ba7b-84fdd1f90de3,YOUNG ZURI
3545bdd7-73b8-11ed-ba7b-84fdd1f90de3,STRAWBERRY MAN
3545bea4-73b8-11ed-ba7b-84fdd1f90de3,LILA BARTON
3545bf51-73b8-11ed-ba7b-84fdd1f90de3,SON
3545bff6-73b8-11ed-ba7b-84fdd1f90de3,JACK TAGGART
3545c0b3-73b8-11ed-ba7b-84fdd1f90de3,CROWD
3545c14e-73b8-11ed-ba7b-84fdd1f90de3,REPORTER
3545c1f0-73b8-11ed-ba7b-84fdd1f90de3,FATHER
3545c288-73b8-11ed-ba7b-84fdd1f90de3,SERGEANT DUFFY
3545c328-73b8-11ed-ba7b-84fdd1f90de3,MRS. SPENCER
3545c3c2-73b8-11ed-ba7b-84fdd1f90de3,GRIEVING MAN
3545c468-73b8-11ed-ba7b-84fdd1f90de3,ANNE MARIE HOAG
3545c501-73b8-11ed-ba7b-84fdd1f90de3,IRON LEGION
3545c5bd-73b8-11ed-ba7b-84fdd1f90de3,COUNCILMAN SINGH
3545c65d-73b8-11ed-ba7b-84fdd1f90de3,ROEDER
3545c6fe-73b8-11ed-ba7b-84fdd1f90de3,SHAMAN
3545c79b-73b8-11ed-ba7b-84fdd1f90de3,COACH WILSON
3545c831-73b8-11ed-ba7b-84fdd1f90de3,FRANK
3545caba-73b8-11ed-ba7b-84fdd1f90de3,HEAD ENGINEER
3545cb83-73b8-11ed-ba7b-84fdd1f90de3,SCHNEIDER
3545cc1d-73b8-11ed-ba7b-84fdd1f90de3,MS. WARREN
3545ccbb-73b8-11ed-ba7b-84fdd1f90de3,RANDY
3545cd52-73b8-11ed-ba7b-84fdd1f90de3,PRINCIPAL MORITA
3545cdea-73b8-11ed-ba7b-84fdd1f90de3,MEDICAL EXAMINER
3545ceab-73b8-11ed-ba7b-84fdd1f90de3,POLICE
3545cf48-73b8-11ed-ba7b-84fdd1f90de3,MADAME B
3545cfdf-73b8-11ed-ba7b-84fdd1f90de3,APPLE EMPLOYEE
3545d075-73b8-11ed-ba7b-84fdd1f90de3,GILMORE HODGE
3545d113-73b8-11ed-ba7b-84fdd1f90de3,M.P.
3545d1ae-73b8-11ed-ba7b-84fdd1f90de3,COM TECH #1
3545d244-73b8-11ed-ba7b-84fdd1f90de3,TULLK
3545d2da-73b8-11ed-ba7b-84fdd1f90de3,TECHNICIAN
3545d37c-73b8-11ed-ba7b-84fdd1f90de3,CORVUS GLAIVE
3545d414-73b8-11ed-ba7b-84fdd1f90de3,DELIVERY TRUCK DRIVER
3545d4ad-73b8-11ed-ba7b-84fdd1f90de3,IRON MAN JIMMY
3545d546-73b8-11ed-ba7b-84fdd1f90de3,CHARLIE XO
3545d5db-73b8-11ed-ba7b-84fdd1f90de3,FEMALE SHIELD AGENT
3545d673-73b8-11ed-ba7b-84fdd1f90de3,FRENCH PIRATE
3545d717-73b8-11ed-ba7b-84fdd1f90de3,OAKLAND KID #1
3545d7af-73b8-11ed-ba7b-84fdd1f90de3,FORTRESS SOLDIER
3545d847-73b8-11ed-ba7b-84fdd1f90de3,RIVER TRIBE ELDER
3545d8dc-73b8-11ed-ba7b-84fdd1f90de3,MALE AGENT
3545d99f-73b8-11ed-ba7b-84fdd1f90de3,HO YINSEN
3545da36-73b8-11ed-ba7b-84fdd1f90de3,GALE
3545dae3-73b8-11ed-ba7b-84fdd1f90de3,YOUNG KILLMONGER
3545dbb6-73b8-11ed-ba7b-84fdd1f90de3,GIRL
3545dc57-73b8-11ed-ba7b-84fdd1f90de3,EIR
3545dcf1-73b8-11ed-ba7b-84fdd1f90de3,YOUNG GAMORA
3545dd91-73b8-11ed-ba7b-84fdd1f90de3,MALE NURSE
3545de29-73b8-11ed-ba7b-84fdd1f90de3,THE SMITHSONIAN NARRATOR
3545dec3-73b8-11ed-ba7b-84fdd1f90de3,TECHIE
3545df64-73b8-11ed-ba7b-84fdd1f90de3,MIT TEACHER
3545e003-73b8-11ed-ba7b-84fdd1f90de3,NEWS ANCHOR #4
3545e097-73b8-11ed-ba7b-84fdd1f90de3,COMMERCIAL ANNOUNCER
3545e12d-73b8-11ed-ba7b-84fdd1f90de3,A1 TONY
3545e1ce-73b8-11ed-ba7b-84fdd1f90de3,COMMITTEE GENERAL
3545e268-73b8-11ed-ba7b-84fdd1f90de3,HEINZ KRUGER
3545e2fe-73b8-11ed-ba7b-84fdd1f90de3,DRUNK TOWNIE
3545e39e-73b8-11ed-ba7b-84fdd1f90de3,TOUR GUIDE
3545e468-73b8-11ed-ba7b-84fdd1f90de3,ADMIRAL
3545e503-73b8-11ed-ba7b-84fdd1f90de3,FEMALE WAR VETERAN
3545e59a-73b8-11ed-ba7b-84fdd1f90de3,HUTTER
3545e632-73b8-11ed-ba7b-84fdd1f90de3,GEF THE RAVAGER
3545e6ca-73b8-11ed-ba7b-84fdd1f90de3,MODERATOR
3545e774-73b8-11ed-ba7b-84fdd1f90de3,SOREN
3545e819-73b8-11ed-ba7b-84fdd1f90de3,YOUNG GIRL
3545e8b4-73b8-11ed-ba7b-84fdd1f90de3,DESK OFFICER
3545e94e-73b8-11ed-ba7b-84fdd1f90de3,OAKLAND KID #3
3545e9e3-73b8-11ed-ba7b-84fdd1f90de3,SPECIALIST CAMERON KLEIN
3545ea7a-73b8-11ed-ba7b-84fdd1f90de3,ICE CREAM STORE CUSTOMER
3545eb18-73b8-11ed-ba7b-84fdd1f90de3,MILITARY AIDE
3545ebce-73b8-11ed-ba7b-84fdd1f90de3,TOWNIE PETE
3545ec99-73b8-11ed-ba7b-84fdd1f90de3,CHAMBERMAID
3545ed3b-73b8-11ed-ba7b-84fdd1f90de3,LOUD JERK
3545edd1-73b8-11ed-ba7b-84fdd1f90de3,POLICE OFFICER #1
3545ee6f-73b8-11ed-ba7b-84fdd1f90de3,STUDENT
3545ef09-73b8-11ed-ba7b-84fdd1f90de3,RETCH
3545efa1-73b8-11ed-ba7b-84fdd1f90de3,NURSE
3545f039-73b8-11ed-ba7b-84fdd1f90de3,DETECTIVE
3545f0df-73b8-11ed-ba7b-84fdd1f90de3,RENATA
3545f17c-73b8-11ed-ba7b-84fdd1f90de3,SECURITY CHECKPOINT
3545f212-73b8-11ed-ba7b-84fdd1f90de3,KREE
3545f2b2-73b8-11ed-ba7b-84fdd1f90de3,ROBBER 1
3545f34a-73b8-11ed-ba7b-84fdd1f90de3,STRIKE AGENT
3545f408-73b8-11ed-ba7b-84fdd1f90de3,ELON MUSK
3545f4a4-73b8-11ed-ba7b-84fdd1f90de3,AGENT CALE
3545f54e-73b8-11ed-ba7b-84fdd1f90de3,LEAD SCRAPPER
3545f672-73b8-11ed-ba7b-84fdd1f90de3,PEACHY
3545f708-73b8-11ed-ba7b-84fdd1f90de3,POLICE OFFICER #2
3545f7a3-73b8-11ed-ba7b-84fdd1f90de3,GSG-9 SOLDIER
3545f83e-73b8-11ed-ba7b-84fdd1f90de3,MOTHER
3545f8d4-73b8-11ed-ba7b-84fdd1f90de3,OAKLAND KID #2
3545f96f-73b8-11ed-ba7b-84fdd1f90de3,MADDIE
3545fa12-73b8-11ed-ba7b-84fdd1f90de3,AGENT GARRETT
3545faae-73b8-11ed-ba7b-84fdd1f90de3,CONNIE
3545fb43-73b8-11ed-ba7b-84fdd1f90de3,DORA MILAJE 1
3545fbd5-73b8-11ed-ba7b-84fdd1f90de3,PRATT
3545fc6f-73b8-11ed-ba7b-84fdd1f90de3,ALPHA GUARD
3545fd06-73b8-11ed-ba7b-84fdd1f90de3,ERIN
3545fd9c-73b8-11ed-ba7b-84fdd1f90de3,COM TECH #2
3545fe93-73b8-11ed-ba7b-84fdd1f90de3,YOUNG BOY
3545ff36-73b8-11ed-ba7b-84fdd1f90de3,ACCUSER
3545ffcf-73b8-11ed-ba7b-84fdd1f90de3,SALLY AVRIL
3546006d-73b8-11ed-ba7b-84fdd1f90de3,SHIELD AGENT #2
35460121-73b8-11ed-ba7b-84fdd1f90de3,"BRIAN ""TINY"" MCKEEVER"
354601ba-73b8-11ed-ba7b-84fdd1f90de3,PA
3546025a-73b8-11ed-ba7b-84fdd1f90de3,SOOTHING VOICE
354602f2-73b8-11ed-ba7b-84fdd1f90de3,DODGERS ANNOUNCER
3546038c-73b8-11ed-ba7b-84fdd1f90de3,ZEMO'S WIFE
35460423-73b8-11ed-ba7b-84fdd1f90de3,NEWS ANCHOR #1
354604c3-73b8-11ed-ba7b-84fdd1f90de3,POLICE SERGEANT
3546055e-73b8-11ed-ba7b-84fdd1f90de3,SCUDDER
354605f3-73b8-11ed-ba7b-84fdd1f90de3,AKIHIKO
354606a7-73b8-11ed-ba7b-84fdd1f90de3,CARRIER BRIDGE TECH 1
35460743-73b8-11ed-ba7b-84fdd1f90de3,GEORGES BATROC
354607d9-73b8-11ed-ba7b-84fdd1f90de3,EMCEE
35460877-73b8-11ed-ba7b-84fdd1f90de3,RONIN
35460926-73b8-11ed-ba7b-84fdd1f90de3,REPORTER #2
354609c1-73b8-11ed-ba7b-84fdd1f90de3,COUNCILWOMAN HAWLEY
35460a59-73b8-11ed-ba7b-84fdd1f90de3,JABARI WARRIORS
35460b0f-73b8-11ed-ba7b-84fdd1f90de3,NEWS READER
35460d9b-73b8-11ed-ba7b-84fdd1f90de3,EDWIN JARVIS
35460f6b-73b8-11ed-ba7b-84fdd1f90de3,YOUNG T' CHAKA
354610a5-73b8-11ed-ba7b-84fdd1f90de3,ARMY HECKLER#1
354611c8-73b8-11ed-ba7b-84fdd1f90de3,CONTROL
354612bd-73b8-11ed-ba7b-84fdd1f90de3,MERCHANT TRIBE ELDER
354613a8-73b8-11ed-ba7b-84fdd1f90de3,WORKER
3546167e-73b8-11ed-ba7b-84fdd1f90de3,SHIELD WORKER
354617a8-73b8-11ed-ba7b-84fdd1f90de3,WOMAN ON PA
3546189b-73b8-11ed-ba7b-84fdd1f90de3,BORDER TRIBE ELDER
3546199e-73b8-11ed-ba7b-84fdd1f90de3,ANTON VANKO
35461a78-73b8-11ed-ba7b-84fdd1f90de3,CARINA
35461b14-73b8-11ed-ba7b-84fdd1f90de3,JET PILOT
35461bb4-73b8-11ed-ba7b-84fdd1f90de3,COMPUTER VOICE
35461c49-73b8-11ed-ba7b-84fdd1f90de3,EINHERJAR LIEUTENANT
35461cdb-73b8-11ed-ba7b-84fdd1f90de3,MAN ON PA
35461d6f-73b8-11ed-ba7b-84fdd1f90de3,MERCENARY #1
35461e0f-73b8-11ed-ba7b-84fdd1f90de3,OBLO
35461ea6-73b8-11ed-ba7b-84fdd1f90de3,STREET VENDOR
35461f39-73b8-11ed-ba7b-84fdd1f90de3,COLLEGE GIRL 1
35461fd7-73b8-11ed-ba7b-84fdd1f90de3,SECURITY OFFICER
3546206e-73b8-11ed-ba7b-84fdd1f90de3,STARK’S ENGINEER
35462103-73b8-11ed-ba7b-84fdd1f90de3,YOUNG COP
354621bb-73b8-11ed-ba7b-84fdd1f90de3,COUNCILMAN YEN
35462258-73b8-11ed-ba7b-84fdd1f90de3,GUARDS
35462316-73b8-11ed-ba7b-84fdd1f90de3,IAN
354623b2-73b8-11ed-ba7b-84fdd1f90de3,PARK RANGER
35462452-73b8-11ed-ba7b-84fdd1f90de3,PARTY GUEST
354624e9-73b8-11ed-ba7b-84fdd1f90de3,CAR JACKER
3546257e-73b8-11ed-ba7b-84fdd1f90de3,FEMALE CARRIER BRIDGE TECH
35462614-73b8-11ed-ba7b-84fdd1f90de3,GERMAN OLD MAN
354626a7-73b8-11ed-ba7b-84fdd1f90de3,GOVERNMENT OFFICIAL #2
35462753-73b8-11ed-ba7b-84fdd1f90de3,GUARD #1
354627e9-73b8-11ed-ba7b-84fdd1f90de3,LIMBANI
354628ba-73b8-11ed-ba7b-84fdd1f90de3,SCANNER
35462956-73b8-11ed-ba7b-84fdd1f90de3,SCIENTIST #1
354629ef-73b8-11ed-ba7b-84fdd1f90de3,UN STAFFER
35462a8b-73b8-11ed-ba7b-84fdd1f90de3,WARDEN
35462b25-73b8-11ed-ba7b-84fdd1f90de3,BITCHING-BETTY
35462bb7-73b8-11ed-ba7b-84fdd1f90de3,FRIGHTENED PILOT
35462c4b-73b8-11ed-ba7b-84fdd1f90de3,HISTORY TEACHER
35462cf0-73b8-11ed-ba7b-84fdd1f90de3,LINDA
35462d87-73b8-11ed-ba7b-84fdd1f90de3,MARTINEX
35462e39-73b8-11ed-ba7b-84fdd1f90de3,MILITANT LEADER
35462edc-73b8-11ed-ba7b-84fdd1f90de3,YOUNG BLACK KID
35462f73-73b8-11ed-ba7b-84fdd1f90de3,ALETA
3546300c-73b8-11ed-ba7b-84fdd1f90de3,AYO
354630ab-73b8-11ed-ba7b-84fdd1f90de3,COLLEGE GIRL 2
3546315a-73b8-11ed-ba7b-84fdd1f90de3,COUSIN CARLO
3546320a-73b8-11ed-ba7b-84fdd1f90de3,DODC AGENT
354632aa-73b8-11ed-ba7b-84fdd1f90de3,ELDERLY WOMAN
3546334f-73b8-11ed-ba7b-84fdd1f90de3,MARJORIE
354633f5-73b8-11ed-ba7b-84fdd1f90de3,OFFICER #2
354634ce-73b8-11ed-ba7b-84fdd1f90de3,PEPPER'S ASSISTANT
3546359d-73b8-11ed-ba7b-84fdd1f90de3,A1 NATASHA
35463643-73b8-11ed-ba7b-84fdd1f90de3,BARTENDER
354636d9-73b8-11ed-ba7b-84fdd1f90de3,HIDEOUS RABBIT
35463771-73b8-11ed-ba7b-84fdd1f90de3,HYDRA DISPATCH
35463807-73b8-11ed-ba7b-84fdd1f90de3,JAN
3546389a-73b8-11ed-ba7b-84fdd1f90de3,PYM TECH SECURITY GUARD
3546392f-73b8-11ed-ba7b-84fdd1f90de3,TECH
354639ff-73b8-11ed-ba7b-84fdd1f90de3,SOLDIERS
35463aa8-73b8-11ed-ba7b-84fdd1f90de3,FBI AGENT 1
35463b57-73b8-11ed-ba7b-84fdd1f90de3,REPORTER # 1
35463bfd-73b8-11ed-ba7b-84fdd1f90de3,THAI WAITER
35463c9b-73b8-11ed-ba7b-84fdd1f90de3,VANESSA
35463d33-73b8-11ed-ba7b-84fdd1f90de3,WOMAN ON TRAIN
35463dcb-73b8-11ed-ba7b-84fdd1f90de3,A1 HULK
35463e6a-73b8-11ed-ba7b-84fdd1f90de3,CHARLIE-27
35463f04-73b8-11ed-ba7b-84fdd1f90de3,DELI CLERK
35463f9c-73b8-11ed-ba7b-84fdd1f90de3,FEMALE NURSE
3546403b-73b8-11ed-ba7b-84fdd1f90de3,HEATHER
354640de-73b8-11ed-ba7b-84fdd1f90de3,HYDRA LIEUTENANT
35464174-73b8-11ed-ba7b-84fdd1f90de3,MAIDEN
35464208-73b8-11ed-ba7b-84fdd1f90de3,SKRULL TECH
354642a4-73b8-11ed-ba7b-84fdd1f90de3,STUDENTS
35464339-73b8-11ed-ba7b-84fdd1f90de3,BOTH
354643cf-73b8-11ed-ba7b-84fdd1f90de3,CUSTODIAN
35464467-73b8-11ed-ba7b-84fdd1f90de3,KLAUE'S MERCENARY
354644fc-73b8-11ed-ba7b-84fdd1f90de3,NAVID
35464598-73b8-11ed-ba7b-84fdd1f90de3,YOUNG DOCTOR
35464652-73b8-11ed-ba7b-84fdd1f90de3,BUCKY
35464703-73b8-11ed-ba7b-84fdd1f90de3,SKRULL
354647b4-73b8-11ed-ba7b-84fdd1f90de3,DECATHLON TEAM
35464b33-73b8-11ed-ba7b-84fdd1f90de3,HAPPY'S NURSE
35464bee-73b8-11ed-ba7b-84fdd1f90de3,TV REPORTER’S VOICE
35464c84-73b8-11ed-ba7b-84fdd1f90de3,NARRATOR
35464d18-73b8-11ed-ba7b-84fdd1f90de3,VIDEO VOICE OVER
35464df3-73b8-11ed-ba7b-84fdd1f90de3,BBC ANCHOR
35464e8d-73b8-11ed-ba7b-84fdd1f90de3,STONEHENGE TV NEWS REPORTER
35464f25-73b8-11ed-ba7b-84fdd1f90de3,ACTOR ODIN
35464fc1-73b8-11ed-ba7b-84fdd1f90de3,MAC GARGAN
35465059-73b8-11ed-ba7b-84fdd1f90de3,ASGARDIAN PA
354650ed-73b8-11ed-ba7b-84fdd1f90de3,THOR/SELVIG
3546518f-73b8-11ed-ba7b-84fdd1f90de3,HOSPITAL NEWS REPORTER
35465229-73b8-11ed-ba7b-84fdd1f90de3,LIBRARIAN
354652be-73b8-11ed-ba7b-84fdd1f90de3,MAN ON THE RADIO
3546534e-73b8-11ed-ba7b-84fdd1f90de3,WAITRESS
354653eb-73b8-11ed-ba7b-84fdd1f90de3,JOAN RIVERS
3546547f-73b8-11ed-ba7b-84fdd1f90de3,VERS' BROTHER
35465511-73b8-11ed-ba7b-84fdd1f90de3,MALE REPORTER
354655b1-73b8-11ed-ba7b-84fdd1f90de3,THE SENATOR
3546566a-73b8-11ed-ba7b-84fdd1f90de3,STARK'S ASSISTANT
35465711-73b8-11ed-ba7b-84fdd1f90de3,LOKI/STEVE
354657a6-73b8-11ed-ba7b-84fdd1f90de3,MR. COBBWELL
35465841-73b8-11ed-ba7b-84fdd1f90de3,CULL OBSIDIAN
354658ec-73b8-11ed-ba7b-84fdd1f90de3,NEWS ANCHOR #2
354659ab-73b8-11ed-ba7b-84fdd1f90de3,NEWS ANCHOR #5
35465a4d-73b8-11ed-ba7b-84fdd1f90de3,BILL MAHER
35465ae0-73b8-11ed-ba7b-84fdd1f90de3,BOR
35465b74-73b8-11ed-ba7b-84fdd1f90de3,CRAMER
35465c0b-73b8-11ed-ba7b-84fdd1f90de3,FRENCH AMBASSADOR
35465cbf-73b8-11ed-ba7b-84fdd1f90de3,CHAD DAVIS
35465d62-73b8-11ed-ba7b-84fdd1f90de3,EXPO ANNOUNCER
35465dfa-73b8-11ed-ba7b-84fdd1f90de3,PRIEST
35465fe2-73b8-11ed-ba7b-84fdd1f90de3,ASGARDIAN NURSE
35466097-73b8-11ed-ba7b-84fdd1f90de3,ATTACHE
3546612b-73b8-11ed-ba7b-84fdd1f90de3,BAILIFF
354661c4-73b8-11ed-ba7b-84fdd1f90de3,LITTLE BOY
35466257-73b8-11ed-ba7b-84fdd1f90de3,NEWS ANCHOR #3
354662e8-73b8-11ed-ba7b-84fdd1f90de3,MALE CITIZEN
35466379-73b8-11ed-ba7b-84fdd1f90de3,NIGERIAN MILITANT #2
3546642d-73b8-11ed-ba7b-84fdd1f90de3,NEWS REPORTER #1
354664c6-73b8-11ed-ba7b-84fdd1f90de3,TAXI DRIVER
35466558-73b8-11ed-ba7b-84fdd1f90de3,CREW
354665f2-73b8-11ed-ba7b-84fdd1f90de3,OFFICER FITZGIBBON
35466687-73b8-11ed-ba7b-84fdd1f90de3,SHIELD PILOT
3546671a-73b8-11ed-ba7b-84fdd1f90de3,A1 CLINT BARTON
354667be-73b8-11ed-ba7b-84fdd1f90de3,BIKER
35466854-73b8-11ed-ba7b-84fdd1f90de3,CADETS
354668e8-73b8-11ed-ba7b-84fdd1f90de3,MAN ON PA #1
3546697b-73b8-11ed-ba7b-84fdd1f90de3,MAN ON SPEAKERS
35466a12-73b8-11ed-ba7b-84fdd1f90de3,NOVAR
35467873-73b8-11ed-ba7b-84fdd1f90de3,POLICE RADIO
354679b7-73b8-11ed-ba7b-84fdd1f90de3,PUSHY TABLOID REPORTER
35467ac8-73b8-11ed-ba7b-84fdd1f90de3,AGENT JACKSON
35467b6c-73b8-11ed-ba7b-84fdd1f90de3,JOSEPH DANVERS
35467bff-73b8-11ed-ba7b-84fdd1f90de3,MAN ON PA #2
35467c8f-73b8-11ed-ba7b-84fdd1f90de3,NEWS REPORTER #4
35467d23-73b8-11ed-ba7b-84fdd1f90de3,BRAHL
35467db4-73b8-11ed-ba7b-84fdd1f90de3,COP ON SPEAKER
35467e45-73b8-11ed-ba7b-84fdd1f90de3,ENLISTMENT GUY
35467fa9-73b8-11ed-ba7b-84fdd1f90de3,FACILITY MANAGER
3546805d-73b8-11ed-ba7b-84fdd1f90de3,HUSBAND
354680f2-73b8-11ed-ba7b-84fdd1f90de3,OLD FOOTAGE RECORDING
35468192-73b8-11ed-ba7b-84fdd1f90de3,PET STORE CLERK
35468225-73b8-11ed-ba7b-84fdd1f90de3,QUINJET PILOT
354682ba-73b8-11ed-ba7b-84fdd1f90de3,SHIELD ENGINEER
35468359-73b8-11ed-ba7b-84fdd1f90de3,TYCOON
354683f0-73b8-11ed-ba7b-84fdd1f90de3,WIFE
35468481-73b8-11ed-ba7b-84fdd1f90de3,25TH FLOOR STRIKE AGENT
35468514-73b8-11ed-ba7b-84fdd1f90de3,AVENGERS JIMMY
354685ae-73b8-11ed-ba7b-84fdd1f90de3,BOY
35468646-73b8-11ed-ba7b-84fdd1f90de3,CALCUTTA WOMAN
354686d9-73b8-11ed-ba7b-84fdd1f90de3,DOME CONTROL
35468775-73b8-11ed-ba7b-84fdd1f90de3,FACELESS PILOT
35468807-73b8-11ed-ba7b-84fdd1f90de3,GOVERNMENT EMPLOYEE
35468899-73b8-11ed-ba7b-84fdd1f90de3,TEXT MESSAGE
3546892a-73b8-11ed-ba7b-84fdd1f90de3,ATTENDANT
354689bd-73b8-11ed-ba7b-84fdd1f90de3,AVENGERS KID
35468a4e-73b8-11ed-ba7b-84fdd1f90de3,COUNCILMAN HAWLEY
35468ae0-73b8-11ed-ba7b-84fdd1f90de3,HAMMER SECURITY GUARD
35468ba2-73b8-11ed-ba7b-84fdd1f90de3,ROBBER 4
35468c38-73b8-11ed-ba7b-84fdd1f90de3,SOLDIER
35468cf7-73b8-11ed-ba7b-84fdd1f90de3,ANNOUNCEMENT
35468d90-73b8-11ed-ba7b-84fdd1f90de3,ASGARDIAN EINHERJAR
35468e26-73b8-11ed-ba7b-84fdd1f90de3,ASGARDIAN MAN
35468eb8-73b8-11ed-ba7b-84fdd1f90de3,BARKEEPER
35468f52-73b8-11ed-ba7b-84fdd1f90de3,DAY SLEEPER
3546907e-73b8-11ed-ba7b-84fdd1f90de3,EAGER TOWNIE
35469129-73b8-11ed-ba7b-84fdd1f90de3,ELECTRONIC VOICE-OVER
354691c6-73b8-11ed-ba7b-84fdd1f90de3,FAMILIES
35469260-73b8-11ed-ba7b-84fdd1f90de3,GAMORA'S MOTHER
354692f5-73b8-11ed-ba7b-84fdd1f90de3,HYDRA SOLDIER
354693c1-73b8-11ed-ba7b-84fdd1f90de3,MR. HAPGOOD
35469468-73b8-11ed-ba7b-84fdd1f90de3,OFF SCREEN WORKER
35469503-73b8-11ed-ba7b-84fdd1f90de3,OLD MAN
3546959e-73b8-11ed-ba7b-84fdd1f90de3,ORDERLY
35469630-73b8-11ed-ba7b-84fdd1f90de3,PATIENT
354696d0-73b8-11ed-ba7b-84fdd1f90de3,SCIENTIST
35469766-73b8-11ed-ba7b-84fdd1f90de3,VOICEMAIL
354697fb-73b8-11ed-ba7b-84fdd1f90de3,ZRINKA
354698bc-73b8-11ed-ba7b-84fdd1f90de3,ANTIQUE STORE OWNER
35469954-73b8-11ed-ba7b-84fdd1f90de3,DODC CENTRAL
354699f1-73b8-11ed-ba7b-84fdd1f90de3,GOVERNMENT OFFICIAL #1
35469a83-73b8-11ed-ba7b-84fdd1f90de3,JOTUN SENTRY
35469b13-73b8-11ed-ba7b-84fdd1f90de3,KID IN THE BACKSEAT
35469ba5-73b8-11ed-ba7b-84fdd1f90de3,KIDS IN USO AUDIENCE
35469c37-73b8-11ed-ba7b-84fdd1f90de3,KURSE
35469cd4-73b8-11ed-ba7b-84fdd1f90de3,MANDY
35469d68-73b8-11ed-ba7b-84fdd1f90de3,NEWS REPORTER #3
35469e1a-73b8-11ed-ba7b-84fdd1f90de3,REPORTER #3
35469eb4-73b8-11ed-ba7b-84fdd1f90de3,RESIDENT 1
35469f45-73b8-11ed-ba7b-84fdd1f90de3,ROBBER 2
35469fdc-73b8-11ed-ba7b-84fdd1f90de3,SECURITY CHIEF
3546a06e-73b8-11ed-ba7b-84fdd1f90de3,SMITHSONIAN GUARD
3546a133-73b8-11ed-ba7b-84fdd1f90de3,"VERS, BRON-CHAR, KORATH, MINN-ERVA AND ATT-LASS"
3546a1f1-73b8-11ed-ba7b-84fdd1f90de3,DODC DRIVER
3546a288-73b8-11ed-ba7b-84fdd1f90de3,DRILL INSTRUCTOR
3546a323-73b8-11ed-ba7b-84fdd1f90de3,FEMALE CITIZEN
3546a3b9-73b8-11ed-ba7b-84fdd1f90de3,HELICARRIER INTERCOM
3546a469-73b8-11ed-ba7b-84fdd1f90de3,JOTUN
3546a50d-73b8-11ed-ba7b-84fdd1f90de3,SCRAPPER
3546a5a8-73b8-11ed-ba7b-84fdd1f90de3,SHIELD AGENT #1
3546a6aa-73b8-11ed-ba7b-84fdd1f90de3,WORLD HUB TECH
3546a7b2-73b8-11ed-ba7b-84fdd1f90de3,YOUNG SHIELD PILOT
3546a8ad-73b8-11ed-ba7b-84fdd1f90de3,911 OPERATOR
3546a94e-73b8-11ed-ba7b-84fdd1f90de3,ARMY HECKLER#2
3546a9e3-73b8-11ed-ba7b-84fdd1f90de3,ARMY HECKLER#3
3546aa8c-73b8-11ed-ba7b-84fdd1f90de3,ARMY HECKLER#4
3546ab6f-73b8-11ed-ba7b-84fdd1f90de3,ASGARDIAN WOMAN
3546ac7a-73b8-11ed-ba7b-84fdd1f90de3,BORDER TRIBE COMMANDER
3546ad72-73b8-11ed-ba7b-84fdd1f90de3,COUNCILMAN 2
3546ae68-73b8-11ed-ba7b-84fdd1f90de3,FRENCH PIRATE #2
3546af45-73b8-11ed-ba7b-84fdd1f90de3,GSG-9 DRIVER
3546b079-73b8-11ed-ba7b-84fdd1f90de3,JACK ROLLINS
3546b196-73b8-11ed-ba7b-84fdd1f90de3,JAQUES DERNIER
3546b275-73b8-11ed-ba7b-84fdd1f90de3,MAINFRAME
3546b317-73b8-11ed-ba7b-84fdd1f90de3,MAN#1
3546b3af-73b8-11ed-ba7b-84fdd1f90de3,MAN#2
3546b444-73b8-11ed-ba7b-84fdd1f90de3,MANDARIN LOOK-OUT
3546b503-73b8-11ed-ba7b-84fdd1f90de3,NASA SCIENTIST
3546b599-73b8-11ed-ba7b-84fdd1f90de3,NEWS REPORTER #2
3546b845-73b8-11ed-ba7b-84fdd1f90de3,PERSON
3546b8fe-73b8-11ed-ba7b-84fdd1f90de3,PRETTY MUCH EVERYONE IN THE CROWD
3546ba1f-73b8-11ed-ba7b-84fdd1f90de3,PYM TECH EMPLOYEE
3546bae2-73b8-11ed-ba7b-84fdd1f90de3,RAMIREZ
3546bb78-73b8-11ed-ba7b-84fdd1f90de3,RANDOM WOMAN
3546bc07-73b8-11ed-ba7b-84fdd1f90de3,SPANISH TEACHER
3546bca2-73b8-11ed-ba7b-84fdd1f90de3,SSR DOCTOR
3546bd36-73b8-11ed-ba7b-84fdd1f90de3,TOURIST
3546bdd8-73b8-11ed-ba7b-84fdd1f90de3,VOICE FROM EARPIECE
3546be64-73b8-11ed-ba7b-84fdd1f90de3,WOMAN IN CROWD
3546befa-73b8-11ed-ba7b-84fdd1f90de3,CAB DRIVER
3546bf88-73b8-11ed-ba7b-84fdd1f90de3,DRIVER
3546c016-73b8-11ed-ba7b-84fdd1f90de3,"ELDERS, WARRIORS, DORA"
3546c0ad-73b8-11ed-ba7b-84fdd1f90de3,GOLDSTEIN
3546c13d-73b8-11ed-ba7b-84fdd1f90de3,GRANDPA QUILL
3546c1cb-73b8-11ed-ba7b-84fdd1f90de3,HALF-NUT
3546c25a-73b8-11ed-ba7b-84fdd1f90de3,IRON MAN KID
3546c2e8-73b8-11ed-ba7b-84fdd1f90de3,JASON/BETTY
3546c3bb-73b8-11ed-ba7b-84fdd1f90de3,KHALID
3546c44d-73b8-11ed-ba7b-84fdd1f90de3,MAN IN CROWD
3546c4e5-73b8-11ed-ba7b-84fdd1f90de3,MERCENARY #2
3546c574-73b8-11ed-ba7b-84fdd1f90de3,OLDER MAN
3546c60a-73b8-11ed-ba7b-84fdd1f90de3,PROPRIETOR
3546c696-73b8-11ed-ba7b-84fdd1f90de3,RESIDENT 2
3546c724-73b8-11ed-ba7b-84fdd1f90de3,SECOND GUARD
3546c7b0-73b8-11ed-ba7b-84fdd1f90de3,SHIELD AGENT #3
3546c83e-73b8-11ed-ba7b-84fdd1f90de3,SOMEONE IN BACKGROUND
3546c900-73b8-11ed-ba7b-84fdd1f90de3,USO GIRL
3546c9b4-73b8-11ed-ba7b-84fdd1f90de3,WEASELLY THUG
3546ca44-73b8-11ed-ba7b-84fdd1f90de3,WEIRD OLD MAN
3546cad7-73b8-11ed-ba7b-84fdd1f90de3,ACTOR SIF
3546cb66-73b8-11ed-ba7b-84fdd1f90de3,ASGARDIAN CITIZENS
3546cbfb-73b8-11ed-ba7b-84fdd1f90de3,BORDER TRIBE
3546cc91-73b8-11ed-ba7b-84fdd1f90de3,CARGO TRUCK MILITANT
3546cd1d-73b8-11ed-ba7b-84fdd1f90de3,CHEERLEADER
3546ce38-73b8-11ed-ba7b-84fdd1f90de3,CIA AGENT
3546ced1-73b8-11ed-ba7b-84fdd1f90de3,CORPORAL
3546cf7e-73b8-11ed-ba7b-84fdd1f90de3,DOCTOR #1
3546d070-73b8-11ed-ba7b-84fdd1f90de3,ELK RIDGE
3546d155-73b8-11ed-ba7b-84fdd1f90de3,FBI AGENT 2
3546d255-73b8-11ed-ba7b-84fdd1f90de3,FRIEND
3546d32e-73b8-11ed-ba7b-84fdd1f90de3,FURY AND MARIA
3546d415-73b8-11ed-ba7b-84fdd1f90de3,HYDRA TECHNICIANS
3546d536-73b8-11ed-ba7b-84fdd1f90de3,JOSEF / SUPER SOLDIER #1
3546d62f-73b8-11ed-ba7b-84fdd1f90de3,JOTUN VOICE
3546d727-73b8-11ed-ba7b-84fdd1f90de3,MAINTENANCE GUY
3546d81b-73b8-11ed-ba7b-84fdd1f90de3,MALE VOICE
3546d921-73b8-11ed-ba7b-84fdd1f90de3,NIGERIAN WOMAN
3546da16-73b8-11ed-ba7b-84fdd1f90de3,PEOPLE
3546db11-73b8-11ed-ba7b-84fdd1f90de3,POOL BBQ DAD
3546dc13-73b8-11ed-ba7b-84fdd1f90de3,PYM TECH GATE GUARD
3546dd0c-73b8-11ed-ba7b-84fdd1f90de3,ROBBER 3
3546dda9-73b8-11ed-ba7b-84fdd1f90de3,SCURRILOUS RAVAGER
3546de3b-73b8-11ed-ba7b-84fdd1f90de3,SOUTH AFRICAN TOUGH
3546df1d-73b8-11ed-ba7b-84fdd1f90de3,SOVEREIGN PILOT
3546dfb4-73b8-11ed-ba7b-84fdd1f90de3,STRIKE AGENT #2
3546e03f-73b8-11ed-ba7b-84fdd1f90de3,TOWNIE
3546e0d5-73b8-11ed-ba7b-84fdd1f90de3,VOLSTAGG / HOGUN
3546e222-73b8-11ed-ba7b-84fdd1f90de3,WAKANDAN CHILD
3546e2b6-73b8-11ed-ba7b-84fdd1f90de3,WAKANDAN CHILDREN
3546e359-73b8-11ed-ba7b-84fdd1f90de3,AGENT DELANCEY
3546e3ef-73b8-11ed-ba7b-84fdd1f90de3,ANNIE
3546e481-73b8-11ed-ba7b-84fdd1f90de3,BALLET INSTRUCTOR
3546e51e-73b8-11ed-ba7b-84fdd1f90de3,DUBAI BEAUTY #1
3546e5c2-73b8-11ed-ba7b-84fdd1f90de3,DURAND
3546e67b-73b8-11ed-ba7b-84fdd1f90de3,HYDRA GUARDS
3546e711-73b8-11ed-ba7b-84fdd1f90de3,JACQUES DERNIER
3546e7b3-73b8-11ed-ba7b-84fdd1f90de3,LIZ/NED
3546e848-73b8-11ed-ba7b-84fdd1f90de3,MERCENARY
3546e8db-73b8-11ed-ba7b-84fdd1f90de3,MUFFLED VOICE
3546e976-73b8-11ed-ba7b-84fdd1f90de3,ROSE HILL CHRISTMAS TREE SHOPPER
3546ea0c-73b8-11ed-ba7b-84fdd1f90de3,SHURI/NAKIA
3546ea9d-73b8-11ed-ba7b-84fdd1f90de3,SOH-LARR
3546eb4a-73b8-11ed-ba7b-84fdd1f90de3,STRIKE AGENT #1
3546ebe8-73b8-11ed-ba7b-84fdd1f90de3,STRIKE AGENT #3
3546ec84-73b8-11ed-ba7b-84fdd1f90de3,TALL RAVAGER
3546ed13-73b8-11ed-ba7b-84fdd1f90de3,TENT KIDS
3546eda5-73b8-11ed-ba7b-84fdd1f90de3,THOMAS RICHARDS
3546ee57-73b8-11ed-ba7b-84fdd1f90de3,THOR / BANNER
